timestamp,open,high,low,close,volume
2024-03-20 16:00:00+00:00,177.00999450683594,178.6699981689453,176.72000122070312,178.66000366210938,7696922.0
2024-03-21 12:00:00+00:00,177.0,177.49000549316406,171.8300018310547,172.56500244140625,57694575.0
2024-03-21 16:00:00+00:00,172.57000732421875,172.60000610351562,170.83999633789062,171.39999389648438,36299367.0
2024-03-22 12:00:00+00:00,171.86000061035156,172.88999938964844,170.05999755859375,172.36500549316406,36808455.0
2024-03-22 16:00:00+00:00,172.3699951171875,173.0500030517578,172.08999633789062,172.25,22901477.0
2024-03-25 12:00:00+00:00,170.52999877929688,170.82000732421875,169.4499969482422,170.73789978027344,24981468.0
2024-03-25 16:00:00+00:00,170.73500061035156,171.94000244140625,170.64500427246094,170.86000061035156,19103926.0
2024-03-26 12:00:00+00:00,170.0,171.25,169.64999389648438,171.2346954345703,23113455.0
2024-03-26 16:00:00+00:00,171.23109436035156,171.4199981689453,169.60000610351562,169.81500244140625,22201937.0
2024-03-27 12:00:00+00:00,170.4199981689453,173.11000061035156,170.11000061035156,172.0467987060547,26631170.0
2024-03-27 16:00:00+00:00,172.0500030517578,173.60000610351562,172.0,173.41000366210938,21591763.0
2024-03-28 12:00:00+00:00,171.6999969482422,171.93499755859375,170.50999450683594,171.16920471191406,27656229.0
2024-03-28 16:00:00+00:00,171.1699981689453,172.22999572753906,170.88999938964844,171.52000427246094,20086620.0
2024-04-01 12:00:00+00:00,171.1875,171.22000122070312,169.47999572753906,169.89500427246094,21908843.0
2024-04-01 16:00:00+00:00,169.89500427246094,170.24000549316406,169.75999450683594,170.00999450683594,14975542.0
2024-04-02 12:00:00+00:00,169.05999755859375,169.33999633789062,168.23019409179688,168.6649932861328,20156037.0
2024-04-02 16:00:00+00:00,168.67999267578125,169.2200927734375,168.63999938964844,168.94000244140625,16872183.0
2024-04-03 12:00:00+00:00,168.75,170.67999267578125,168.58999633789062,170.32000732421875,18618529.0
2024-04-03 16:00:00+00:00,170.30999755859375,170.60000610351562,169.27999877929688,169.66000366210938,19894103.0
2024-04-04 12:00:00+00:00,170.2899932861328,171.9199981689453,170.0399932861328,171.72030639648438,17918960.0
2024-04-04 16:00:00+00:00,171.72999572753906,171.86990356445312,168.8300018310547,168.88999938964844,26386669.0
2024-04-05 12:00:00+00:00,169.5,170.3800048828125,168.9499969482422,170.1699981689453,19281418.0
2024-04-05 16:00:00+00:00,170.1699981689453,170.375,169.35000610351562,169.57000732421875,15328401.0
2024-04-08 12:00:00+00:00,169.05999755859375,169.19000244140625,168.24000549316406,168.4123992919922,17132408.0
2024-04-08 16:00:00+00:00,168.4149932861328,168.9600067138672,168.3249969482422,168.4600067138672,13109025.0
2024-04-09 12:00:00+00:00,168.69200134277344,170.0749969482422,168.47999572753906,169.07000732421875,19548979.0
2024-04-09 16:00:00+00:00,169.07000732421875,169.72999572753906,168.35000610351562,169.69000244140625,17309274.0
2024-04-10 12:00:00+00:00,168.83999633789062,169.08999633789062,167.11000061035156,168.01499938964844,24328473.0
2024-04-10 16:00:00+00:00,168.03700256347656,169.6699981689453,167.6300048828125,167.75,18131785.0
2024-04-11 12:00:00+00:00,168.25,170.2899932861328,168.16009521484375,169.91000366210938,22124906.0
2024-04-11 16:00:00+00:00,169.9199981689453,175.4600067138672,169.83999633789062,175.0399932861328,55701825.0
2024-04-12 12:00:00+00:00,174.28500366210938,178.36000061035156,174.2100067138672,175.58999633789062,55888252.0
2024-04-12 16:00:00+00:00,175.59500122070312,176.74000549316406,174.8000030517578,176.56500244140625,34054200.0
2024-04-15 12:00:00+00:00,175.3800048828125,176.6300048828125,173.85000610351562,175.10000610351562,30930788.0
2024-04-15 16:00:00+00:00,175.09500122070312,175.57000732421875,172.5,172.68499755859375,29186527.0
2024-04-16 12:00:00+00:00,171.7100067138672,173.7550048828125,168.27000427246094,169.4149932861328,39643197.0
2024-04-16 16:00:00+00:00,169.41000366210938,170.39999389648438,168.39999389648438,169.33790588378906,24602093.0
2024-04-17 12:00:00+00:00,169.5800018310547,170.63999938964844,168.60000610351562,168.6999969482422,24031022.0
2024-04-17 16:00:00+00:00,168.6999969482422,169.17999267578125,168.0,168.0,19178761.0
2024-04-18 12:00:00+00:00,168.0,168.63999938964844,167.3300018310547,167.56500244140625,17729036.0
2024-04-18 16:00:00+00:00,167.56500244140625,167.6999969482422,166.5500030517578,167.0399932861328,17728418.0
2024-04-19 12:00:00+00:00,166.1199951171875,166.39999389648438,164.0800018310547,164.36239624023438,29130905.0
2024-04-19 16:00:00+00:00,164.3699951171875,165.6699981689453,164.17999267578125,164.92999267578125,25650945.0
2024-04-22 12:00:00+00:00,165.75,166.22999572753906,164.77000427246094,165.6199951171875,18872056.0
2024-04-22 16:00:00+00:00,165.61419677734375,167.25999450683594,165.43499755859375,165.83999633789062,20014599.0
2024-04-23 12:00:00+00:00,165.25999450683594,166.97999572753906,164.92999267578125,166.27000427246094,20939985.0
2024-04-23 16:00:00+00:00,166.27000427246094,167.0500030517578,166.1717071533203,166.91000366210938,16294367.0
2024-04-24 12:00:00+00:00,166.39999389648438,169.27499389648438,166.2100067138672,168.72500610351562,21657557.0
2024-04-24 16:00:00+00:00,168.72500610351562,169.3000030517578,168.11000061035156,168.9499969482422,17029340.0
2024-04-25 12:00:00+00:00,169.60000610351562,170.61000061035156,168.15109252929688,169.19000244140625,22324442.0
2024-04-25 16:00:00+00:00,169.18760681152344,170.03500366210938,168.86000061035156,169.89999389648438,19372314.0
2024-04-26 12:00:00+00:00,169.8699951171875,171.33999633789062,169.5399932861328,170.2449951171875,18568560.0
2024-04-26 16:00:00+00:00,170.25,170.25999450683594,169.19000244140625,169.2899932861328,18823217.0
2024-04-29 12:00:00+00:00,173.38999938964844,176.02999877929688,173.1300048828125,174.3249969482422,36047126.0
2024-04-29 16:00:00+00:00,174.32769775390625,175.10499572753906,173.1199951171875,173.49000549316406,20858788.0
2024-04-30 12:00:00+00:00,173.20199584960938,174.99000549316406,172.64999389648438,173.8365936279297,19170995.0
2024-04-30 16:00:00+00:00,173.83999633789062,173.92999267578125,170.02000427246094,170.08999633789062,24683754.0
2024-05-01 12:00:00+00:00,170.0,171.72000122070312,169.11000061035156,171.38999938964844,16693019.0
2024-05-01 16:00:00+00:00,171.3800048828125,172.69000244140625,169.25,169.2899932861328,24943075.0
2024-05-02 12:00:00+00:00,172.4199981689453,172.66000366210938,170.88999938964844,172.3498992919922,29555174.0
2024-05-02 16:00:00+00:00,172.34500122070312,173.4149932861328,171.94000244140625,173.08999633789062,30223005.0
2024-05-03 12:00:00+00:00,186.6699981689453,187.0,182.66000366210938,184.36000061035156,84179184.0
2024-05-03 16:00:00+00:00,184.35989379882812,185.99000549316406,183.0500030517578,183.38999938964844,56265136.0
2024-05-06 12:00:00+00:00,182.35400390625,184.1699981689453,181.5,181.60000610351562,37276238.0
2024-05-06 16:00:00+00:00,181.60000610351562,182.02000427246094,180.4199981689453,181.6999969482422,30886073.0
2024-05-07 12:00:00+00:00,183.4499969482422,184.89999389648438,181.41000366210938,181.52000427246094,41846743.0
2024-05-07 16:00:00+00:00,181.52000427246094,182.9199981689453,181.32000732421875,182.3699951171875,21431117.0
2024-05-08 12:00:00+00:00,182.7100067138672,182.9600067138672,181.4600067138672,182.33999633789062,19498666.0
2024-05-08 16:00:00+00:00,182.33999633789062,183.0500030517578,182.02999877929688,182.74000549316406,17159866.0
2024-05-09 12:00:00+00:00,182.55999755859375,183.86000061035156,182.1199951171875,183.60499572753906,19622161.0
2024-05-09 16:00:00+00:00,183.60499572753906,184.64999389648438,183.53990173339844,184.64999389648438,20694158.0
2024-05-10 12:00:00+00:00,184.9199981689453,185.08999633789062,182.2449951171875,182.48880004882812,23732620.0
2024-05-10 16:00:00+00:00,182.48500061035156,183.1999969482422,182.1300048828125,183.0,16663438.0
2024-05-13 12:00:00+00:00,185.43499755859375,186.5,184.6199951171875,186.2899932861328,30814875.0
2024-05-13 16:00:00+00:00,186.2899932861328,187.10000610351562,186.07000732421875,186.28500366210938,29318999.0
2024-05-14 12:00:00+00:00,187.64999389648438,188.3000030517578,186.2899932861328,186.8000030517578,23329185.0
2024-05-14 16:00:00+00:00,186.8000030517578,187.91000366210938,186.4510040283203,187.38999938964844,18992494.0
2024-05-15 12:00:00+00:00,187.97999572753906,190.2100067138672,187.3800048828125,190.15499877929688,31125865.0
2024-05-15 16:00:00+00:00,190.15499877929688,190.64999389648438,189.5,189.74000549316406,26359332.0
2024-05-16 12:00:00+00:00,190.51600646972656,191.09500122070312,189.72500610351562,190.32110595703125,25138034.0
2024-05-16 16:00:00+00:00,190.32949829101562,190.48809814453125,189.66009521484375,189.89999389648438,17192194.0
2024-05-17 12:00:00+00:00,189.3800048828125,190.80999755859375,189.22000122070312,189.7899932861328,17427490.0
2024-05-17 16:00:00+00:00,189.7949981689453,190.14999389648438,189.3800048828125,189.92999267578125,14713123.0
2024-05-20 12:00:00+00:00,189.35000610351562,191.91990661621094,189.00999450683594,191.1649932861328,21144047.0
2024-05-20 16:00:00+00:00,191.16000366210938,191.80499267578125,190.80999755859375,191.0800018310547,13739369.0
2024-05-21 12:00:00+00:00,191.08999633789062,192.64990234375,190.92010498046875,192.17909240722656,18707055.0
2024-05-21 16:00:00+00:00,192.1750030517578,192.72999572753906,191.77999877929688,192.36000061035156,15602195.0
2024-05-22 12:00:00+00:00,192.25,192.82310485839844,191.52499389648438,191.6199951171875,13254713.0
2024-05-22 16:00:00+00:00,191.61500549316406,191.72999572753906,190.27000427246094,190.97999572753906,13938954.0
2024-05-23 12:00:00+00:00,191.0,191.0,188.5050048828125,189.52499389648438,19544383.0
2024-05-23 16:00:00+00:00,189.52499389648438,189.59950256347656,186.625,186.91000366210938,19205178.0
2024-05-24 12:00:00+00:00,188.82000732421875,190.5800018310547,188.0404052734375,190.37989807128906,17613844.0
2024-05-24 16:00:00+00:00,190.3800048828125,190.55999755859375,189.82000732421875,190.0,11856576.0
2024-05-28 12:00:00+00:00,191.53199768066406,192.99000549316406,190.33999633789062,191.2550048828125,24786980.0
2024-05-28 16:00:00+00:00,191.2501983642578,191.45899963378906,189.10000610351562,190.10000610351562,18106861.0
2024-05-29 12:00:00+00:00,189.50999450683594,192.2469940185547,189.50999450683594,191.75999450683594,24434821.0
2024-05-29 16:00:00+00:00,191.7624969482422,192.02999877929688,189.95989990234375,190.3699951171875,19080909.0
2024-05-30 12:00:00+00:00,190.78500366210938,192.10000610351562,190.6300048828125,191.25999450683594,19701534.0
2024-05-30 16:00:00+00:00,191.25999450683594,192.17999267578125,190.85000610351562,191.2899932861328,17879387.0
2024-05-31 12:00:00+00:00,191.44000244140625,192.57000732421875,189.91000366210938,190.19720458984375,21617548.0
2024-05-31 16:00:00+00:00,190.1999969482422,192.49000549316406,189.91000366210938,192.47000122070312,21893244.0
2024-06-03 12:00:00+00:00,192.97999572753906,194.99000549316406,192.52999877929688,193.28939819335938,26057308.0
2024-06-03 16:00:00+00:00,193.27999877929688,194.11000061035156,192.83999633789062,194.08999633789062,16698436.0
2024-06-04 12:00:00+00:00,194.72000122070312,195.0,193.03419494628906,194.47000122070312,19319246.0
2024-06-04 16:00:00+00:00,194.47000122070312,195.32000732421875,193.92999267578125,194.36500549316406,17761326.0
2024-06-05 12:00:00+00:00,195.4199981689453,196.89999389648438,194.8800048828125,195.9250030517578,24251994.0
2024-06-05 16:00:00+00:00,195.9199981689453,196.6999969482422,195.60009765625,195.89999389648438,20338767.0
2024-06-06 12:00:00+00:00,195.68499755859375,196.5,195.2100067138672,195.6699981689453,17293608.0
2024-06-06 16:00:00+00:00,195.6768035888672,196.07000732421875,194.1699981689453,194.47999572753906,16419261.0
2024-06-07 12:00:00+00:00,194.66000366210938,196.18499755859375,194.13999938964844,195.9550018310547,24008387.0
2024-06-07 16:00:00+00:00,195.9600067138672,196.94000244140625,195.5800018310547,196.89999389648438,22373538.0
2024-06-10 12:00:00+00:00,197.1999969482422,197.2816925048828,194.8300018310547,195.88839721679688,28000376.0
2024-06-10 16:00:00+00:00,195.88999938964844,196.4499969482422,192.14999389648438,193.1300048828125,58304807.0
2024-06-11 12:00:00+00:00,193.66000366210938,205.4499969482422,193.63999938964844,204.22500610351562,98964914.0
2024-06-11 16:00:00+00:00,204.2476043701172,207.16000366210938,203.8000030517578,207.13999938964844,56816883.0
2024-06-12 12:00:00+00:00,207.36000061035156,218.1199951171875,206.91000366210938,215.35000610351562,102505646.0
2024-06-12 16:00:00+00:00,215.33059692382812,220.1999969482422,212.83999633789062,213.1116943359375,81647353.0
2024-06-13 12:00:00+00:00,214.77999877929688,216.75,211.60000610351562,212.10000610351562,50953738.0
2024-06-13 16:00:00+00:00,212.11000061035156,214.8800048828125,212.02999877929688,214.1300048828125,34268108.0
2024-06-14 12:00:00+00:00,213.80999755859375,215.1699981689453,211.6699981689453,211.75,35035335.0
2024-06-14 16:00:00+00:00,211.75,212.58790588378906,211.3000030517578,212.52000427246094,25202993.0
2024-06-17 12:00:00+00:00,213.3000030517578,217.3300018310547,212.72000122070312,216.5399932861328,42937904.0
2024-06-17 16:00:00+00:00,216.5399932861328,218.94500732421875,215.47999572753906,216.7100067138672,37227786.0
2024-06-18 12:00:00+00:00,217.61000061035156,218.6300048828125,213.0,213.22000122070312,40386203.0
2024-06-18 16:00:00+00:00,213.22000122070312,215.10000610351562,213.07000732421875,214.3800048828125,27623801.0
2024-06-20 12:00:00+00:00,213.92999267578125,214.24000549316406,209.4199981689453,209.52499389648438,40802616.0
2024-06-20 16:00:00+00:00,209.52999877929688,210.60000610351562,208.85000610351562,209.55999755859375,31365492.0
2024-06-21 12:00:00+00:00,210.38999938964844,211.88999938964844,209.58999633789062,211.10000610351562,43224972.0
2024-06-21 16:00:00+00:00,211.08999633789062,211.10989379882812,207.11000061035156,207.11000061035156,42447279.0
2024-06-24 12:00:00+00:00,207.72000122070312,212.6999969482422,206.58999633789062,210.91000366210938,38411191.0
2024-06-24 16:00:00+00:00,210.91000366210938,211.0,207.8446044921875,208.14999389648438,26156031.0
2024-06-25 12:00:00+00:00,209.0800018310547,211.3800048828125,208.61000061035156,210.03140258789062,24419118.0
2024-06-25 16:00:00+00:00,210.02999877929688,210.67010498046875,208.82000732421875,209.0760040283203,16293675.0
2024-06-26 12:00:00+00:00,211.44000244140625,214.77999877929688,210.63999938964844,214.34500122070312,31068025.0
2024-06-26 16:00:00+00:00,214.34500122070312,214.86000061035156,212.72000122070312,213.1199951171875,21775573.0
2024-06-27 12:00:00+00:00,214.6300048828125,215.739501953125,212.35000610351562,213.85499572753906,25462198.0
2024-06-27 16:00:00+00:00,213.8513946533203,214.19000244140625,213.0500030517578,214.11000061035156,15485291.0
2024-06-28 12:00:00+00:00,215.80499267578125,216.07000732421875,213.52000427246094,213.83999633789062,25584804.0
2024-06-28 16:00:00+00:00,213.8350067138672,214.52999877929688,210.3000030517578,210.61000061035156,27255154.0
2024-07-01 12:00:00+00:00,212.1300048828125,216.5800018310547,211.9199981689453,216.5050048828125,29372776.0
2024-07-01 16:00:00+00:00,216.50999450683594,217.50999450683594,215.13999938964844,216.72999572753906,23348595.0
2024-07-02 12:00:00+00:00,216.14999389648438,220.3300018310547,215.10000610351562,219.1649932861328,31181931.0
2024-07-02 16:00:00+00:00,219.14999389648438,220.3800048828125,218.83079528808594,220.3699951171875,17068433.0
2024-07-03 12:00:00+00:00,220.42999267578125,221.39999389648438,219.02999877929688,221.3000030517578,26247327.0
2024-07-05 12:00:00+00:00,221.64999389648438,225.44000244140625,221.64999389648438,225.22000122070312,29793065.0
2024-07-05 16:00:00+00:00,225.22999572753906,226.4499969482422,224.72999572753906,226.30999755859375,19908424.0
2024-07-08 12:00:00+00:00,227.08999633789062,227.35000610351562,223.25,226.52000427246094,29843385.0
2024-07-08 16:00:00+00:00,226.50999450683594,227.83999633789062,226.0500030517578,227.8000030517578,20362647.0
2024-07-09 12:00:00+00:00,228.18499755859375,229.39500427246094,226.37210083007812,228.17999267578125,25862580.0
2024-07-09 16:00:00+00:00,228.1699981689453,228.77999877929688,227.85000610351562,228.6999969482422,15555777.0
2024-07-10 12:00:00+00:00,229.44000244140625,232.74000549316406,229.25,232.19500732421875,30539594.0
2024-07-10 16:00:00+00:00,232.1999969482422,233.0800018310547,230.7100067138672,232.91000366210938,22895237.0
2024-07-11 12:00:00+00:00,231.31170654296875,232.38999938964844,225.77000427246094,227.7657928466797,34671127.0
2024-07-11 16:00:00+00:00,227.75999450683594,228.72000122070312,226.58999633789062,227.5500030517578,19342075.0
2024-07-12 12:00:00+00:00,229.0,232.3979949951172,228.67999267578125,230.7100067138672,26622167.0
2024-07-12 16:00:00+00:00,230.7100067138672,232.63999938964844,229.91000366210938,230.57000732421875,18053146.0
2024-07-15 12:00:00+00:00,236.53199768066406,237.22999572753906,233.33999633789062,235.30799865722656,33938125.0
2024-07-15 16:00:00+00:00,235.32000732421875,235.8800048828125,233.08999633789062,234.4199981689453,17571454.0
2024-07-16 12:00:00+00:00,235.2050018310547,236.27000427246094,232.6199951171875,232.94790649414062,22336868.0
2024-07-16 16:00:00+00:00,232.9250030517578,234.97999572753906,232.3300018310547,234.80999755859375,13638425.0
2024-07-17 12:00:00+00:00,230.1300048828125,231.45989990234375,226.63999938964844,228.4949951171875,27811364.0
2024-07-17 16:00:00+00:00,228.48500061035156,229.82000732421875,228.14999389648438,228.88499450683594,19374506.0
2024-07-18 12:00:00+00:00,230.34500122070312,230.44000244140625,222.4499969482422,223.35000610351562,32507100.0
2024-07-18 16:00:00+00:00,223.35000610351562,225.1999969482422,222.47000122070312,224.19000244140625,21502047.0
2024-07-19 12:00:00+00:00,224.8520050048828,226.8000030517578,223.55999755859375,223.94500732421875,25163540.0
2024-07-19 16:00:00+00:00,223.94000244140625,225.1199951171875,223.27499389648438,224.3800048828125,15865089.0
2024-07-22 12:00:00+00:00,227.27000427246094,227.77999877929688,223.08999633789062,223.8350067138672,21415664.0
2024-07-22 16:00:00+00:00,223.8300018310547,225.6300048828125,223.6999969482422,223.92999267578125,15358291.0
2024-07-23 12:00:00+00:00,224.39999389648438,226.92999267578125,222.67999267578125,225.639892578125,17815663.0
2024-07-23 16:00:00+00:00,225.6300048828125,225.6999053955078,224.32000732421875,225.00999450683594,12663274.0
2024-07-24 12:00:00+00:00,224.0,224.8000030517578,217.1300048828125,217.90499877929688,26665367.0
2024-07-24 16:00:00+00:00,217.90989685058594,218.86000061035156,217.6999969482422,218.57000732421875,20509014.0
2024-07-25 12:00:00+00:00,219.48989868164062,220.52000427246094,214.6199951171875,220.19200134277344,27226794.0
2024-07-25 16:00:00+00:00,220.1999969482422,220.85000610351562,217.3300018310547,217.49000549316406,16776323.0
2024-07-26 12:00:00+00:00,218.85000610351562,219.14990234375,216.00999450683594,218.69119262695312,19679813.0
2024-07-26 16:00:00+00:00,218.7100067138672,219.49000549316406,217.1300048828125,218.1199951171875,14271906.0
2024-07-29 12:00:00+00:00,216.67999267578125,219.3000030517578,215.75999450683594,218.5449981689453,18041563.0
2024-07-29 16:00:00+00:00,218.5500030517578,219.27999877929688,217.97000122070312,218.2100067138672,12702033.0
2024-07-30 12:00:00+00:00,219.0399932861328,220.3249969482422,216.3300018310547,216.97999572753906,17349030.0
2024-07-30 16:00:00+00:00,216.9600067138672,219.9199981689453,216.1199951171875,218.7899932861328,15507026.0
2024-07-31 12:00:00+00:00,221.52999877929688,223.82000732421875,220.63999938964844,222.3699951171875,18961537.0
2024-07-31 16:00:00+00:00,222.38360595703125,223.3699951171875,221.28500366210938,221.99000549316406,17563556.0
2024-08-01 12:00:00+00:00,224.3699951171875,224.45050048828125,219.02000427246094,219.32000732421875,21299661.0
2024-08-01 16:00:00+00:00,219.33999633789062,219.5,217.02000427246094,218.27999877929688,24313748.0
2024-08-02 12:00:00+00:00,220.28939819335938,224.72000122070312,217.7100067138672,224.6199951171875,52954806.0
2024-08-02 16:00:00+00:00,224.61500549316406,225.60000610351562,219.05999755859375,219.8000030517578,32606537.0
2024-08-05 12:00:00+00:00,199.0,213.47000122070312,198.22999572753906,212.61500549316406,65476648.0
2024-08-05 16:00:00+00:00,212.6199951171875,212.64999389648438,203.9199981689453,209.19000244140625,39290140.0
2024-08-06 12:00:00+00:00,205.38999938964844,208.99000549316406,201.07000732421875,208.63099670410156,37347592.0
2024-08-06 16:00:00+00:00,208.6699981689453,209.97999572753906,206.39999389648438,207.125,21072466.0
2024-08-07 12:00:00+00:00,206.88999938964844,213.63999938964844,206.41000366210938,212.5850067138672,27143013.0
2024-08-07 16:00:00+00:00,212.59970092773438,212.97000122070312,208.47999572753906,209.86000061035156,21680499.0
2024-08-08 12:00:00+00:00,213.09500122070312,213.4600067138672,208.8300018310547,213.25,19655624.0
2024-08-08 16:00:00+00:00,213.26499938964844,214.1999969482422,211.8800048828125,213.33999633789062,16368227.0
2024-08-09 12:00:00+00:00,212.0800018310547,215.73500061035156,211.97999572753906,214.5301055908203,16614056.0
2024-08-09 16:00:00+00:00,214.52999877929688,216.77999877929688,214.51010131835938,216.3000030517578,16802535.0
2024-08-12 12:00:00+00:00,216.0,219.50990295410156,215.60000610351562,217.97999572753906,18351334.0
2024-08-12 16:00:00+00:00,217.97000122070312,218.33999633789062,216.47999572753906,217.5500030517578,12142885.0
2024-08-13 12:00:00+00:00,219.10499572753906,221.7100067138672,219.00999450683594,221.11050415039062,19874127.0
2024-08-13 16:00:00+00:00,221.08999633789062,221.88999938964844,220.4199981689453,221.27000427246094,12267690.0
2024-08-14 12:00:00+00:00,220.56500244140625,223.02999877929688,219.6999969482422,221.30499267578125,18869632.0
2024-08-14 16:00:00+00:00,221.32000732421875,222.35000610351562,220.3800048828125,221.6199951171875,13848365.0
2024-08-15 12:00:00+00:00,224.5500030517578,225.33999633789062,222.75999450683594,224.9949951171875,18447373.0
2024-08-15 16:00:00+00:00,225.0,225.3300018310547,223.84500122070312,224.7100067138672,14912040.0
2024-08-16 12:00:00+00:00,223.9199981689453,226.4456024169922,223.6501007080078,226.33999633789062,21363392.0
2024-08-16 16:00:00+00:00,226.35000610351562,226.8271026611328,225.5399932861328,226.10000610351562,13140714.0
2024-08-19 12:00:00+00:00,225.69500732421875,225.69500732421875,223.0399932861328,224.4250030517578,17242844.0
2024-08-19 16:00:00+00:00,224.41000366210938,225.97000122070312,223.75,225.89999389648438,13888374.0
2024-08-20 12:00:00+00:00,225.77000427246094,227.1699981689453,225.4499969482422,226.89999389648438,13877341.0
2024-08-20 16:00:00+00:00,226.89500427246094,227.11000061035156,226.11000061035156,226.49000549316406,8958662.0
2024-08-21 12:00:00+00:00,226.49000549316406,227.97999572753906,225.63499450683594,226.24000549316406,15687492.0
2024-08-21 16:00:00+00:00,226.25,226.5800018310547,225.1909942626953,226.39999389648438,11446240.0
2024-08-22 12:00:00+00:00,227.60000610351562,228.33999633789062,224.92010498046875,226.42999267578125,15752521.0
2024-08-22 16:00:00+00:00,226.43499755859375,226.61000061035156,223.89999389648438,224.52999877929688,14352166.0
2024-08-23 12:00:00+00:00,225.65890502929688,228.22000122070312,224.8800048828125,225.11500549316406,17256244.0
2024-08-23 16:00:00+00:00,225.11000061035156,227.16690063476562,224.33999633789062,226.7736053466797,11276529.0
2024-08-26 12:00:00+00:00,227.2100067138672,227.2100067138672,223.8905029296875,225.8105010986328,13517440.0
2024-08-26 16:00:00+00:00,225.81100463867188,227.27999877929688,225.4429931640625,227.25999450683594,10331715.0
2024-08-27 12:00:00+00:00,226.21009826660156,228.8459930419922,224.88999938964844,227.94000244140625,16044348.0
2024-08-27 16:00:00+00:00,227.92999267578125,228.66400146484375,227.5500030517578,228.13999938964844,9376405.0
2024-08-28 12:00:00+00:00,228.0500030517578,229.85000610351562,226.25999450683594,227.02999877929688,19653585.0
2024-08-28 16:00:00+00:00,227.02000427246094,227.75999450683594,225.6800994873047,226.49000549316406,11113740.0
2024-08-29 12:00:00+00:00,230.27999877929688,232.9199981689453,228.8800048828125,232.4499969482422,27712418.0
2024-08-29 16:00:00+00:00,232.4499969482422,232.7100067138672,229.3300018310547,229.80999755859375,17493478.0
2024-08-30 12:00:00+00:00,230.0,230.39999389648438,227.5500030517578,228.02999877929688,17153307.0
2024-08-30 16:00:00+00:00,228.02020263671875,229.85000610351562,227.47999572753906,228.86000061035156,15352940.0
2024-09-03 12:00:00+00:00,228.23849487304688,229.0,223.27000427246094,223.88999938964844,20674237.0
2024-09-03 16:00:00+00:00,223.8800048828125,224.14999389648438,221.1699981689453,222.75,17750091.0
2024-09-04 12:00:00+00:00,221.4499969482422,221.7550048828125,217.47999572753906,219.92999267578125,23095771.0
2024-09-04 16:00:00+00:00,219.9199981689453,221.4300994873047,219.5399932861328,220.7899932861328,14197517.0
2024-09-05 12:00:00+00:00,221.52000427246094,225.47999572753906,221.52000427246094,222.79519653320312,18486945.0
2024-09-05 16:00:00+00:00,222.7899932861328,223.89999389648438,221.8101043701172,222.39999389648438,11187002.0
2024-09-06 12:00:00+00:00,223.89999389648438,225.19659423828125,220.66200256347656,220.68569946289062,20882426.0
2024-09-06 16:00:00+00:00,220.6999969482422,221.63999938964844,219.77000427246094,220.91000366210938,14941752.0
2024-09-09 12:00:00+00:00,220.89999389648438,221.27000427246094,217.0500030517578,220.2039031982422,24640341.0
2024-09-09 16:00:00+00:00,220.2126007080078,221.0364990234375,216.72000122070312,220.99000549316406,33713078.0
2024-09-10 12:00:00+00:00,218.88499450683594,220.41000366210938,216.72999572753906,218.5399932861328,24733917.0
2024-09-10 16:00:00+00:00,218.5301055908203,221.47999572753906,218.49000549316406,220.1699981689453,17670528.0
2024-09-11 12:00:00+00:00,221.4250030517578,223.08999633789062,217.88999938964844,220.835205078125,18418387.0
2024-09-11 16:00:00+00:00,220.86000061035156,223.0,220.50999450683594,222.86000061035156,16158930.0
2024-09-12 12:00:00+00:00,221.67999267578125,223.0675048828125,219.82000732421875,221.92999267578125,14853760.0
2024-09-12 16:00:00+00:00,221.9499969482422,223.5399932861328,221.7100067138672,222.8699951171875,14454913.0
2024-09-13 12:00:00+00:00,223.59500122070312,223.99000549316406,221.91000366210938,223.3101043701172,16907148.0
2024-09-13 16:00:00+00:00,223.32000732421875,224.02999877929688,222.30999755859375,222.4600067138672,12849435.0
2024-09-16 12:00:00+00:00,216.5500030517578,217.1999969482422,213.9199981689453,215.39999389648438,34404861.0
2024-09-16 16:00:00+00:00,215.38999938964844,216.6999969482422,214.92010498046875,216.3000030517578,16731423.0
2024-09-17 12:00:00+00:00,215.75,216.89999389648438,214.5,215.75999450683594,21187490.0
2024-09-17 16:00:00+00:00,215.77000427246094,216.85000610351562,215.05999755859375,216.85000610351562,16795625.0
2024-09-18 12:00:00+00:00,217.58999633789062,221.61000061035156,217.5399932861328,220.80999755859375,24606758.0
2024-09-18 16:00:00+00:00,220.8000030517578,222.6999969482422,218.92999267578125,220.69000244140625,25637152.0
2024-09-19 12:00:00+00:00,224.94000244140625,229.82000732421875,224.63999938964844,228.9949951171875,32816430.0
2024-09-19 16:00:00+00:00,228.99000549316406,229.58999633789062,228.2899932861328,228.82000732421875,20700828.0
2024-09-20 12:00:00+00:00,229.97000122070312,231.74000549316406,229.1999969482422,231.72999572753906,49396393.0
2024-09-20 16:00:00+00:00,231.72000122070312,233.08999633789062,227.6199951171875,228.52999877929688,50445437.0
2024-09-23 12:00:00+00:00,227.33999633789062,229.4499969482422,225.86000061035156,226.94000244140625,23475509.0
2024-09-23 16:00:00+00:00,226.94000244140625,227.41000366210938,225.80999755859375,226.4499969482422,14157502.0
2024-09-24 12:00:00+00:00,229.17999267578125,229.35000610351562,225.74000549316406,227.5500030517578,14626444.0
2024-09-24 16:00:00+00:00,227.5399932861328,227.75999450683594,226.3699951171875,227.36000061035156,10742182.0
2024-09-25 12:00:00+00:00,224.92999267578125,227.2899932861328,224.61000061035156,225.87010192871094,15353180.0
2024-09-25 16:00:00+00:00,225.86000061035156,226.44000244140625,224.02999877929688,226.30999755859375,14129867.0
2024-09-26 12:00:00+00:00,227.3000030517578,228.5,225.41000366210938,227.30999755859375,16710811.0
2024-09-26 16:00:00+00:00,227.31500244140625,227.86500549316406,226.6699981689453,227.6199951171875,10412125.0
2024-09-27 12:00:00+00:00,228.42999267578125,229.52000427246094,227.3000030517578,228.14999389648438,14485743.0
2024-09-27 16:00:00+00:00,228.13999938964844,228.6199951171875,227.52999877929688,227.82000732421875,9791215.0
2024-09-30 12:00:00+00:00,230.15499877929688,232.53829956054688,229.65499877929688,232.1199951171875,20324748.0
2024-09-30 16:00:00+00:00,232.1199951171875,233.0,230.5500030517578,233.0,18069948.0
2024-10-01 12:00:00+00:00,229.5500030517578,229.6199951171875,224.52000427246094,225.31300354003906,31260671.0
2024-10-01 16:00:00+00:00,225.3000030517578,226.33999633789062,223.74000549316406,226.25999450683594,17991485.0
2024-10-02 12:00:00+00:00,225.6999969482422,227.0500030517578,223.02999877929688,226.95199584960938,17926533.0
2024-10-02 16:00:00+00:00,226.9499969482422,227.3699951171875,226.35000610351562,226.80999755859375,9490702.0
2024-10-03 12:00:00+00:00,225.24000549316406,226.8000030517578,224.26499938964844,225.07119750976562,13650812.0
2024-10-03 16:00:00+00:00,225.08999633789062,225.83999633789062,223.3238983154297,225.6699981689453,13493907.0
2024-10-04 12:00:00+00:00,227.88999938964844,228.0,224.13999938964844,224.9499969482422,15640051.0
2024-10-04 16:00:00+00:00,224.9571075439453,226.97999572753906,224.5500030517578,226.77999877929688,12330667.0
2024-10-07 12:00:00+00:00,224.4600067138672,225.69000244140625,224.05499267578125,224.25999450683594,13736211.0
2024-10-07 16:00:00+00:00,224.25,224.57000732421875,221.3350067138672,221.72000122070312,14040149.0
2024-10-08 12:00:00+00:00,224.30999755859375,225.9600067138672,223.25,224.82000732421875,14950315.0
2024-10-08 16:00:00+00:00,224.8300018310547,225.97500610351562,224.22239685058594,225.77999877929688,9919939.0
2024-10-09 12:00:00+00:00,225.5,228.7100067138672,224.8300018310547,228.7100067138672,14456208.0
2024-10-09 16:00:00+00:00,228.72000122070312,229.75,228.02999877929688,229.50999450683594,11622309.0
2024-10-10 12:00:00+00:00,227.77999877929688,229.22999572753906,227.1699981689453,228.7100067138672,11776215.0
2024-10-10 16:00:00+00:00,228.72500610351562,229.5,228.0399932861328,229.02999877929688,8659010.0
2024-10-11 12:00:00+00:00,228.2949981689453,229.19000244140625,227.33999633789062,227.83009338378906,12710393.0
2024-10-11 16:00:00+00:00,227.8300018310547,228.97000122070312,227.41000366210938,227.52000427246094,11230542.0
2024-10-14 12:00:00+00:00,228.6999969482422,231.30999755859375,228.60000610351562,230.24949645996094,14691646.0
2024-10-14 16:00:00+00:00,230.25999450683594,231.72779846191406,230.05999755859375,231.3000030517578,11956859.0
2024-10-15 12:00:00+00:00,233.58999633789062,237.49000549316406,232.3699951171875,234.75999450683594,34635298.0
2024-10-15 16:00:00+00:00,234.75,235.1999969482422,232.80999755859375,233.8000030517578,15894485.0
2024-10-16 12:00:00+00:00,231.6199951171875,232.1199951171875,229.85000610351562,230.33999633789062,17894704.0
2024-10-16 16:00:00+00:00,230.34500122070312,231.92999267578125,230.32000732421875,231.75,9886791.0
2024-10-17 12:00:00+00:00,233.44000244140625,233.85000610351562,230.52999877929688,232.25,12899723.0
2024-10-17 16:00:00+00:00,232.24000549316406,232.5800018310547,231.27499389648438,232.25999450683594,10934220.0
2024-10-18 12:00:00+00:00,235.8800048828125,236.0500030517578,234.02000427246094,234.99000549316406,26171662.0
2024-10-18 16:00:00+00:00,234.99000549316406,235.85000610351562,234.8000030517578,234.97999572753906,11176507.0
2024-10-21 12:00:00+00:00,234.4499969482422,236.60499572753906,234.4499969482422,236.27999877929688,16785758.0
2024-10-21 16:00:00+00:00,236.3000030517578,236.85000610351562,235.82749938964844,236.5800018310547,10202102.0
2024-10-22 12:00:00+00:00,233.8300018310547,234.90989685058594,232.61000061035156,234.1699981689453,16102925.0
2024-10-22 16:00:00+00:00,234.19000244140625,236.19000244140625,234.14999389648438,235.86000061035156,11765264.0
2024-10-23 12:00:00+00:00,234.32000732421875,235.1439971923828,229.63999938964844,229.69000244140625,22614599.0
2024-10-23 16:00:00+00:00,229.6699981689453,230.86000061035156,227.75999450683594,230.75,19573922.0
2024-10-24 12:00:00+00:00,229.91700744628906,230.39999389648438,228.41000366210938,229.51939392089844,13936083.0
2024-10-24 16:00:00+00:00,229.52000427246094,230.82000732421875,229.52000427246094,230.57000732421875,9161459.0
2024-10-25 12:00:00+00:00,229.74000549316406,233.1999969482422,229.57000732421875,232.7100067138672,15585816.0
2024-10-25 16:00:00+00:00,232.73500061035156,232.94000244140625,231.07000732421875,231.39999389648438,11400921.0
2024-10-28 12:00:00+00:00,233.31500244140625,234.5500030517578,232.65499877929688,234.3101043701172,14112071.0
2024-10-28 16:00:00+00:00,234.30999755859375,234.72999572753906,233.11000061035156,233.49000549316406,10656435.0
2024-10-29 12:00:00+00:00,233.19500732421875,234.05499267578125,232.32000732421875,233.10000610351562,11927159.0
2024-10-29 16:00:00+00:00,233.10499572753906,234.32000732421875,233.02000427246094,233.75,11419941.0
2024-10-30 12:00:00+00:00,232.6199951171875,233.2299041748047,230.5050048828125,231.1999053955078,17166581.0
2024-10-30 16:00:00+00:00,231.1999969482422,231.38999938964844,229.55999755859375,230.13999938964844,16039395.0
2024-10-31 12:00:00+00:00,229.22999572753906,229.8300018310547,226.41000366210938,227.25,18485327.0
2024-10-31 16:00:00+00:00,227.27999877929688,228.1768035888672,225.38999938964844,225.38999938964844,19377300.0
2024-11-01 12:00:00+00:00,221.42999267578125,225.33999633789062,220.27999877929688,222.0749969482422,37512018.0
2024-11-01 16:00:00+00:00,222.19000244140625,223.39990234375,222.0500030517578,222.85000610351562,16625047.0
2024-11-04 12:00:00+00:00,221.01199340820312,222.5399932861328,219.7100067138672,221.4801025390625,14094000.0
2024-11-04 16:00:00+00:00,221.48080444335938,222.7899932861328,220.41000366210938,222.47999572753906,12806412.0
2024-11-04 20:00:00+00:00,222.5,222.55999755859375,221.52000427246094,222.1199951171875,4039677.0
2024-11-05 12:00:00+00:00,221.7949981689453,223.94500732421875,221.7949981689453,222.6699981689453,10417982.0
2024-11-05 16:00:00+00:00,222.67999267578125,223.77999877929688,222.40020751953125,223.25,8392835.0
2024-11-05 20:00:00+00:00,223.25,223.52999877929688,222.7100067138672,223.4499969482422,3341639.0
2024-11-06 12:00:00+00:00,221.23550415039062,226.06500244140625,221.22500610351562,224.8000030517578,21560806.0
2024-11-06 16:00:00+00:00,224.80239868164062,225.17999267578125,223.25999450683594,223.62550354003906,15253283.0
2024-11-06 20:00:00+00:00,223.66000366210938,223.8800048828125,222.5,222.6999969482422,5070195.0
2024-11-07 12:00:00+00:00,224.625,226.5500030517578,224.57000732421875,226.30499267578125,13547391.0
2024-11-07 16:00:00+00:00,226.3000030517578,227.75999450683594,226.1699981689453,227.52999877929688,12101148.0
2024-11-07 20:00:00+00:00,227.53500366210938,227.8699951171875,226.75,227.69000244140625,5268867.0
2024-11-08 12:00:00+00:00,227.13999938964844,228.66000366210938,226.4084014892578,226.68809509277344,10933193.0
2024-11-08 16:00:00+00:00,226.68499755859375,227.72000122070312,226.68499755859375,227.47999572753906,11577333.0
2024-11-08 20:00:00+00:00,227.4499969482422,227.48500061035156,226.72000122070312,227.16000366210938,6567817.0
2024-11-11 12:00:00+00:00,225.05499267578125,225.6999969482422,222.6699981689453,222.77000427246094,16238529.0
2024-11-11 16:00:00+00:00,222.77999877929688,223.74000549316406,221.5,223.63499450683594,13629508.0
2024-11-11 20:00:00+00:00,223.63999938964844,224.35000610351562,223.4600067138672,224.25,3922850.0
2024-11-12 12:00:00+00:00,224.6300048828125,225.58999633789062,223.5749969482422,225.0,11294830.0
2024-11-12 16:00:00+00:00,224.99989318847656,225.50999450683594,223.35499572753906,224.60000610351562,11665812.0
2024-11-12 20:00:00+00:00,224.58999633789062,224.8000030517578,223.94039916992188,224.24000549316406,5475872.0
2024-11-13 12:00:00+00:00,223.9499969482422,225.20989990234375,222.75999450683594,224.39500427246094,13942724.0
2024-11-13 16:00:00+00:00,224.46490478515625,226.64999389648438,223.77000427246094,225.3701934814453,13032579.0
2024-11-13 20:00:00+00:00,225.3800048828125,225.9199981689453,224.47000122070312,225.07000732421875,5085654.0
2024-11-14 12:00:00+00:00,225.69000244140625,227.05999755859375,225.0500030517578,226.4199981689453,12672314.0
2024-11-14 16:00:00+00:00,226.5800018310547,228.8699951171875,226.5,227.03500366210938,15233689.0
2024-11-14 20:00:00+00:00,227.03500366210938,228.3800048828125,227.03500366210938,228.19000244140625,4276782.0
2024-11-15 12:00:00+00:00,225.9199981689453,226.9199981689453,224.44000244140625,225.23500061035156,15889640.0
2024-11-15 16:00:00+00:00,225.2310028076172,225.47999572753906,224.27000427246094,224.80999755859375,13569580.0
2024-11-15 20:00:00+00:00,224.80999755859375,225.24000549316406,224.5699005126953,224.9199981689453,4237936.0
2024-11-18 12:00:00+00:00,225.1999969482422,229.2100067138672,225.17999267578125,229.05999755859375,12690778.0
2024-11-18 16:00:00+00:00,229.06509399414062,229.74000549316406,228.03370666503906,228.05999755859375,12073569.0
2024-11-18 20:00:00+00:00,228.0500030517578,228.24000549316406,227.32000732421875,227.99000549316406,3614507.0
2024-11-19 12:00:00+00:00,227.77000427246094,229.5399932861328,227.1199951171875,229.30999755859375,9142394.0
2024-11-19 16:00:00+00:00,229.3350067138672,230.16000366210938,228.35000610351562,228.44000244140625,12402829.0
2024-11-19 20:00:00+00:00,228.42999267578125,228.72000122070312,227.72000122070312,228.33999633789062,3951414.0
2024-11-20 12:00:00+00:00,228.10499572753906,229.92999267578125,226.10000610351562,226.17999267578125,10611083.0
2024-11-20 16:00:00+00:00,226.19000244140625,228.0,225.88999938964844,227.9748992919922,8828940.0
2024-11-20 20:00:00+00:00,227.97000122070312,229.0,227.97000122070312,229.0,4127268.0
2024-11-21 12:00:00+00:00,228.7899932861328,229.9199981689453,225.71029663085938,228.77000427246094,14385563.0
2024-11-21 16:00:00+00:00,228.75,230.14999389648438,228.49000549316406,229.27000427246094,12194065.0
2024-11-21 20:00:00+00:00,229.27000427246094,229.2899932861328,228.27000427246094,228.50999450683594,4482648.0
2024-11-22 12:00:00+00:00,228.05999755859375,230.1300048828125,228.05999755859375,229.47999572753906,11026146.0
2024-11-22 16:00:00+00:00,229.48989868164062,230.7198944091797,228.92999267578125,229.375,12178959.0
2024-11-22 20:00:00+00:00,229.3699951171875,230.14999389648438,229.30999755859375,229.75999450683594,4345539.0
2024-11-25 12:00:00+00:00,231.4600067138672,233.18499755859375,231.4199981689453,231.7100067138672,13645633.0
2024-11-25 16:00:00+00:00,231.7050018310547,231.85000610351562,229.74000549316406,230.52000427246094,11440055.0
2024-11-25 20:00:00+00:00,230.5012969970703,233.1699981689453,229.84500122070312,232.8800048828125,11344808.0
2024-11-26 12:00:00+00:00,233.47500610351562,235.57000732421875,233.47500610351562,235.0399932861328,17951877.0
2024-11-26 16:00:00+00:00,235.0399932861328,235.25,234.27000427246094,234.80999755859375,12249821.0
2024-11-26 20:00:00+00:00,234.80999755859375,235.27999877929688,234.5800018310547,235.0800018310547,5458831.0
2024-11-27 12:00:00+00:00,234.46499633789062,235.69000244140625,233.8101043701172,234.6699981689453,10863735.0
2024-11-27 16:00:00+00:00,234.62010192871094,235.25,233.97999572753906,234.84500122070312,8900215.0
2024-11-27 20:00:00+00:00,234.83999633789062,235.08999633789062,234.5850067138672,234.99000549316406,2919382.0
2024-11-29 12:00:00+00:00,234.83999633789062,236.5998992919922,233.97000122070312,236.39999389648438,9530139.0
2024-11-29 16:00:00+00:00,236.3800048828125,237.14999389648438,236.2899932861328,236.3699951171875,3843062.0
2024-12-02 12:00:00+00:00,237.27000427246094,240.7899932861328,237.16000366210938,239.8300018310547,17108563.0
2024-12-02 16:00:00+00:00,239.8271942138672,240.1999969482422,239.02999877929688,239.7899932861328,11319067.0
2024-12-02 20:00:00+00:00,239.7899932861328,239.94000244140625,239.0500030517578,239.60000610351562,3858894.0
2024-12-03 12:00:00+00:00,239.9199981689453,241.36990356445312,238.90029907226562,241.3300018310547,12510644.0
2024-12-03 16:00:00+00:00,241.3300018310547,242.4600067138672,240.98199462890625,242.05320739746094,11896376.0
2024-12-03 20:00:00+00:00,242.05999755859375,242.7550048828125,242.05999755859375,242.6300048828125,3704333.0
2024-12-04 12:00:00+00:00,242.8800048828125,244.10499572753906,242.50999450683594,242.90499877929688,11886129.0
2024-12-04 16:00:00+00:00,242.90499877929688,243.17640686035156,241.25,242.98500061035156,15180416.0
2024-12-04 20:00:00+00:00,242.98500061035156,243.5399932861328,242.8260955810547,243.02000427246094,3738537.0
2024-12-05 12:00:00+00:00,244.0500030517578,244.5399932861328,242.24000549316406,242.5500030517578,11886981.0
2024-12-05 16:00:00+00:00,242.5449981689453,243.69000244140625,242.30999755859375,242.9058074951172,12818740.0
2024-12-05 20:00:00+00:00,242.90499877929688,243.0800018310547,242.1300048828125,243.0800018310547,4497338.0
2024-12-06 12:00:00+00:00,242.8699951171875,244.6300048828125,242.0800018310547,243.58200073242188,10970944.0
2024-12-06 16:00:00+00:00,243.5800018310547,243.83999633789062,242.87010192871094,243.0500030517578,10925031.0
2024-12-06 20:00:00+00:00,243.0500030517578,243.14999389648438,242.1999969482422,242.86000061035156,4585506.0
2024-12-09 12:00:00+00:00,242.39999389648438,247.23880004882812,242.39999389648438,246.47000122070312,14648462.0
2024-12-09 16:00:00+00:00,246.48500061035156,247.24000549316406,245.7100067138672,246.75999450683594,11700788.0
2024-12-09 20:00:00+00:00,246.77999877929688,247.08999633789062,246.11000061035156,246.80999755859375,5245539.0
2024-12-10 12:00:00+00:00,246.9499969482422,247.78709411621094,245.3419952392578,245.6699981689453,11814359.0
2024-12-10 16:00:00+00:00,245.6699981689453,248.2100067138672,245.61000061035156,247.72000122070312,11294142.0
2024-12-10 20:00:00+00:00,247.72500610351562,248.07000732421875,247.3699951171875,247.8000030517578,3607802.0
2024-12-11 12:00:00+00:00,247.94500732421875,250.8000030517578,247.64999389648438,250.44000244140625,14951475.0
2024-12-11 16:00:00+00:00,250.4199981689453,250.4199981689453,247.0500030517578,247.14999389648438,11389987.0
2024-12-11 20:00:00+00:00,247.13999938964844,247.16000366210938,246.26010131835938,246.42999267578125,5247010.0
2024-12-12 12:00:00+00:00,246.94500732421875,248.59959411621094,245.67999267578125,248.4709930419922,12531145.0
2024-12-12 16:00:00+00:00,248.47999572753906,248.74000549316406,247.4499969482422,247.75,7996219.0
2024-12-12 20:00:00+00:00,247.75999450683594,248.1999969482422,247.74000549316406,247.9499969482422,2674221.0
2024-12-13 12:00:00+00:00,247.8800048828125,249.2902069091797,246.5,246.625,10296021.0
2024-12-13 16:00:00+00:00,246.6199951171875,248.10000610351562,246.24000549316406,248.02000427246094,9754738.0
2024-12-13 20:00:00+00:00,248.02000427246094,248.2987060546875,247.88999938964844,248.1300048828125,2520361.0
2024-12-16 12:00:00+00:00,248.0,250.0,247.64999389648438,249.6699981689453,11178202.0
2024-12-16 16:00:00+00:00,249.7100067138672,251.37890625,249.53500366210938,250.69500732421875,13935025.0
2024-12-16 20:00:00+00:00,250.6999969482422,251.10000610351562,249.9499969482422,251.0399932861328,3755928.0
2024-12-17 12:00:00+00:00,250.13499450683594,253.35000610351562,249.7899932861328,252.5500030517578,12687880.0
2024-12-17 16:00:00+00:00,252.52999877929688,253.63499450683594,252.47999572753906,252.8800048828125,12710795.0
2024-12-17 20:00:00+00:00,252.8800048828125,253.80999755859375,252.64999389648438,253.47999572753906,6517824.0
2024-12-18 12:00:00+00:00,252.22000122070312,253.79989624023438,251.3300018310547,253.32000732421875,11713584.0
2024-12-18 16:00:00+00:00,253.32359313964844,254.27999877929688,249.5,249.89999389648438,18405751.0
2024-12-18 20:00:00+00:00,249.9199981689453,250.39920043945312,247.75,247.86000061035156,8666490.0
2024-12-19 12:00:00+00:00,247.4600067138672,251.38760375976562,247.09500122070312,251.0399932861328,19193573.0
2024-12-19 16:00:00+00:00,251.0399932861328,251.85000610351562,249.52999877929688,250.3249969482422,12667486.0
2024-12-19 20:00:00+00:00,250.3300018310547,250.5500030517578,249.4093017578125,249.85000610351562,4256393.0
2024-12-20 12:00:00+00:00,248.1199951171875,252.0,246.3000030517578,251.99000549316406,27140745.0
2024-12-20 16:00:00+00:00,251.97999572753906,254.19000244140625,251.88999938964844,253.49000549316406,18785414.0
2024-12-20 20:00:00+00:00,253.5,255.0,252.7899932861328,254.58999633789062,8461430.0
2024-12-23 12:00:00+00:00,255.33999633789062,255.4199981689453,253.4499969482422,254.8300018310547,11772648.0
2024-12-23 16:00:00+00:00,254.83909606933594,255.22999572753906,253.67999267578125,254.33999633789062,11070774.0
2024-12-23 20:00:00+00:00,254.33999633789062,255.64999389648438,254.33999633789062,255.30999755859375,4322344.0
2024-12-24 12:00:00+00:00,255.86000061035156,258.0,255.75999450683594,257.2929992675781,10523899.0
2024-12-24 16:00:00+00:00,257.2699890136719,257.5400085449219,256.8700866699219,257.3599853515625,2866762.0
2024-12-26 12:00:00+00:00,258.9790954589844,260.0899963378906,257.6300048828125,258.8800048828125,10923109.0
2024-12-26 16:00:00+00:00,258.8900146484375,259.4700012207031,258.4100036621094,259.1099853515625,7672130.0
2024-12-26 20:00:00+00:00,259.1199951171875,259.510009765625,259.010009765625,259.1000061035156,2691314.0
2024-12-27 12:00:00+00:00,257.8999938964844,258.70001220703125,254.0399932861328,254.72999572753906,12531577.0
2024-12-27 16:00:00+00:00,254.74000549316406,255.55990600585938,253.05999755859375,255.1699981689453,13070174.0
2024-12-27 20:00:00+00:00,255.1699981689453,255.82000732421875,254.97000122070312,255.72000122070312,5269742.0
2024-12-30 12:00:00+00:00,252.72000122070312,252.8699951171875,250.75,251.89999389648438,11483845.0
2024-12-30 16:00:00+00:00,251.88999938964844,253.49989318847656,251.80999755859375,252.72000122070312,9890510.0
2024-12-30 20:00:00+00:00,252.72999572753906,253.0399932861328,252.0399932861328,252.1199951171875,3863755.0
2024-12-31 12:00:00+00:00,252.66000366210938,253.27999877929688,251.02499389648438,251.17999267578125,7497799.0
2024-12-31 16:00:00+00:00,251.17999267578125,251.5500030517578,249.44000244140625,250.7700958251953,11518812.0
2024-12-31 20:00:00+00:00,250.77000427246094,251.0800018310547,249.5,250.3800048828125,7162976.0
2025-01-02 12:00:00+00:00,248.92999267578125,249.10000610351562,244.16009521484375,244.89500427246094,20332011.0
2025-01-02 16:00:00+00:00,244.90989685058594,245.25,241.82009887695312,243.23109436035156,21503409.0
2025-01-02 20:00:00+00:00,243.25,243.9499969482422,243.01019287109375,243.82000732421875,6023491.0
2025-01-03 12:00:00+00:00,242.8802032470703,244.17999267578125,241.88999938964844,243.49000549316406,14103565.0
2025-01-03 16:00:00+00:00,243.47999572753906,244.04859924316406,242.27999877929688,242.85000610351562,13124329.0
2025-01-03 20:00:00+00:00,242.83999633789062,243.60000610351562,242.61000061035156,243.3000030517578,4381782.0
2025-01-06 12:00:00+00:00,244.3300018310547,247.3300018310547,243.83999633789062,246.74000549316406,15584399.0
2025-01-06 16:00:00+00:00,246.7550048828125,246.76100158691406,244.4250030517578,244.89500427246094,10796115.0
2025-01-06 20:00:00+00:00,244.91000366210938,245.33999633789062,244.4199981689453,245.0,3773029.0
2025-01-07 12:00:00+00:00,242.97999572753906,245.5500030517578,242.8300018310547,243.77000427246094,12328445.0
2025-01-07 16:00:00+00:00,243.74000549316406,245.0,241.36000061035156,242.00999450683594,13155376.0
2025-01-07 20:00:00+00:00,242.02000427246094,242.40499877929688,241.53900146484375,242.19000244140625,4772501.0
2025-01-08 12:00:00+00:00,241.97000122070312,243.71229553222656,240.0500030517578,242.7100067138672,11324778.0
2025-01-08 16:00:00+00:00,242.72610473632812,243.5800018310547,241.04400634765625,242.38400268554688,10836252.0
2025-01-08 20:00:00+00:00,242.3800048828125,242.98699951171875,241.8000030517578,242.72000122070312,3573432.0
2025-01-10 12:00:00+00:00,239.96499633789062,240.14999389648438,233.5,233.77000427246094,21565378.0
2025-01-10 16:00:00+00:00,233.77000427246094,237.5850067138672,233.0,235.9949951171875,17894270.0
2025-01-10 20:00:00+00:00,235.9949951171875,237.2899932861328,235.77000427246094,236.92999267578125,5097626.0
2025-01-13 12:00:00+00:00,233.5,233.58999633789062,229.72000122070312,230.72500610351562,18671663.0
2025-01-13 16:00:00+00:00,230.7324981689453,234.1999969482422,230.39999389648438,233.6844024658203,13050580.0
2025-01-13 20:00:00+00:00,233.69000244140625,234.6699981689453,233.65499877929688,234.39999389648438,4579852.0
2025-01-14 12:00:00+00:00,234.75,236.1199951171875,234.1300048828125,234.2100067138672,10700230.0
2025-01-14 16:00:00+00:00,234.19000244140625,234.9199981689453,232.4720001220703,233.2949981689453,11328277.0
2025-01-14 20:00:00+00:00,233.27999877929688,233.44000244140625,232.5399932861328,233.27999877929688,4851942.0
2025-01-15 12:00:00+00:00,234.63999938964844,238.5399932861328,234.42999267578125,237.40069580078125,12304664.0
2025-01-15 16:00:00+00:00,237.39999389648438,238.03419494628906,236.5023956298828,237.62120056152344,9856428.0
2025-01-15 20:00:00+00:00,237.6199951171875,238.47000122070312,237.38999938964844,237.85000610351562,4684385.0
2025-01-16 12:00:00+00:00,237.49000549316406,238.00999450683594,230.16000366210938,230.5850067138672,21512287.0
2025-01-16 16:00:00+00:00,230.59950256347656,231.1999969482422,228.55999755859375,229.02499389648438,26949594.0
2025-01-16 20:00:00+00:00,229.00999450683594,229.2917938232422,228.02999877929688,228.24000549316406,9428473.0
2025-01-17 12:00:00+00:00,231.30999755859375,232.2899932861328,229.72000122070312,231.2812957763672,32345423.0
2025-01-17 16:00:00+00:00,231.2899932861328,231.32000732421875,228.47999572753906,229.44009399414062,18680672.0
2025-01-17 20:00:00+00:00,229.44000244140625,230.02000427246094,229.22999572753906,229.99000549316406,5430152.0
2025-01-21 12:00:00+00:00,224.0,224.4199981689453,219.6999969482422,220.10780334472656,38684250.0
2025-01-21 16:00:00+00:00,220.08999633789062,221.69000244140625,219.3800048828125,221.64990234375,29787237.0
2025-01-21 20:00:00+00:00,221.63999938964844,222.77999877929688,221.33999633789062,222.66000366210938,7242328.0
2025-01-22 12:00:00+00:00,219.94000244140625,223.35279846191406,219.8000030517578,222.85980224609375,23038949.0
2025-01-22 16:00:00+00:00,222.85789489746094,223.60000610351562,221.6999969482422,223.35000610351562,18040017.0
2025-01-22 20:00:00+00:00,223.36500549316406,223.97999572753906,223.05999755859375,223.77000427246094,5027611.0
2025-01-23 12:00:00+00:00,224.72999572753906,227.02999877929688,224.3800048828125,225.1750030517578,20977614.0
2025-01-23 16:00:00+00:00,225.16000366210938,225.19500732421875,222.42999267578125,222.8800048828125,18565410.0
2025-01-23 20:00:00+00:00,222.86500549316406,223.64999389648438,222.3000030517578,223.64999389648438,6903829.0
2025-01-24 12:00:00+00:00,224.97500610351562,225.6300048828125,222.35009765625,222.75999450683594,21336696.0
2025-01-24 16:00:00+00:00,222.77000427246094,223.49000549316406,221.41000366210938,222.32000732421875,16253153.0
2025-01-24 20:00:00+00:00,222.31500244140625,223.0449981689453,222.1999969482422,222.7899932861328,5237044.0
2025-01-27 12:00:00+00:00,224.02999877929688,228.8300018310547,224.0,228.49380493164062,32460786.0
2025-01-27 16:00:00+00:00,228.47000122070312,232.14999389648438,228.17999267578125,230.67999267578125,31785734.0
2025-01-27 20:00:00+00:00,230.6999969482422,231.3800048828125,228.47999572753906,229.94000244140625,10815158.0
2025-01-28 12:00:00+00:00,230.8800048828125,239.4499969482422,230.8800048828125,239.0800018310547,33389437.0
2025-01-28 16:00:00+00:00,239.05999755859375,240.19000244140625,238.20010375976562,238.83999633789062,20401736.0
2025-01-28 20:00:00+00:00,238.8800048828125,238.97999572753906,237.75999450683594,238.24000549316406,5143611.0
2025-01-29 12:00:00+00:00,235.0,238.0,234.52000427246094,236.5157012939453,16468529.0
2025-01-29 16:00:00+00:00,236.52999877929688,239.24000549316406,235.4600067138672,239.0500030517578,15107902.0
2025-01-29 20:00:00+00:00,239.05999755859375,239.85499572753906,238.72000122070312,239.35000610351562,5064524.0
2025-01-30 12:00:00+00:00,238.6649932861328,240.7899932861328,237.2100067138672,238.16000366210938,15012611.0
2025-01-30 16:00:00+00:00,238.1844024658203,240.0500030517578,237.80999755859375,239.5800018310547,14065526.0
2025-01-30 20:00:00+00:00,239.5800018310547,239.85499572753906,237.24000549316406,237.55999755859375,6836079.0
2025-01-31 12:00:00+00:00,247.0399932861328,247.19000244140625,238.58999633789062,238.94900512695312,37497218.0
2025-01-31 16:00:00+00:00,238.97000122070312,240.0500030517578,233.44000244140625,234.2899932861328,29370900.0
2025-01-31 20:00:00+00:00,234.30999755859375,236.5,233.74000549316406,235.86000061035156,8379858.0
2025-02-03 12:00:00+00:00,229.44000244140625,231.8300018310547,226.0800018310547,226.4199981689453,31546220.0
2025-02-03 16:00:00+00:00,226.41000366210938,229.2100067138672,225.7100067138672,228.5500946044922,21802407.0
2025-02-03 20:00:00+00:00,228.57000732421875,228.9698944091797,227.6300048828125,227.97999572753906,5648751.0
2025-02-04 12:00:00+00:00,227.1999969482422,231.54879760742188,226.64999389648438,231.0500030517578,16998621.0
2025-02-04 16:00:00+00:00,231.05999755859375,232.9499969482422,231.0500030517578,232.3090057373047,13934980.0
2025-02-04 20:00:00+00:00,232.2899932861328,233.1300048828125,232.02999877929688,232.7899932861328,3490884.0
2025-02-05 12:00:00+00:00,228.49000549316406,230.60000610351562,228.3000030517578,230.08999633789062,13398018.0
2025-02-05 16:00:00+00:00,230.08999633789062,231.8699951171875,229.6300048828125,231.7949981689453,11207412.0
2025-02-05 20:00:00+00:00,231.77999877929688,232.6699981689453,231.110107421875,232.4600067138672,3443025.0
2025-02-06 12:00:00+00:00,231.33999633789062,233.8000030517578,230.4250030517578,231.51499938964844,10518487.0
2025-02-06 16:00:00+00:00,231.50999450683594,233.11000061035156,230.89999389648438,232.27999877929688,8631462.0
2025-02-06 20:00:00+00:00,232.2899932861328,233.27999877929688,231.92999267578125,233.22000122070312,3111368.0
2025-02-07 12:00:00+00:00,232.51499938964844,234.0,228.89999389648438,229.05499267578125,13479037.0
2025-02-07 16:00:00+00:00,229.0850067138672,229.5,227.7899932861328,228.0,13052855.0
2025-02-07 20:00:00+00:00,227.99000549316406,228.14999389648438,227.25999450683594,227.7100067138672,5030649.0
2025-02-10 12:00:00+00:00,229.57000732421875,230.5850067138672,228.74000549316406,229.36000061035156,10118607.0
2025-02-10 16:00:00+00:00,229.3708038330078,229.38499450683594,227.60000610351562,227.69000244140625,9627329.0
2025-02-10 20:00:00+00:00,227.69500732421875,227.8800048828125,227.1999969482422,227.63999938964844,3507517.0
2025-02-11 12:00:00+00:00,228.1999969482422,234.7178955078125,228.1300048828125,234.64999389648438,23494324.0
2025-02-11 16:00:00+00:00,234.66000366210938,235.22999572753906,232.89999389648438,233.1107940673828,15310512.0
2025-02-11 20:00:00+00:00,233.11000061035156,233.3000030517578,232.1699981689453,232.77000427246094,4614482.0
2025-02-12 12:00:00+00:00,231.27499389648438,235.13999938964844,230.67999267578125,235.07000732421875,16823806.0
2025-02-12 16:00:00+00:00,235.07000732421875,236.66000366210938,234.72999572753906,236.46499633789062,12720400.0
2025-02-12 20:00:00+00:00,236.4600067138672,236.9600067138672,235.91000366210938,236.88999938964844,4493778.0
2025-02-13 12:00:00+00:00,236.97500610351562,241.61000061035156,235.57000732421875,240.47999572753906,18782912.0
2025-02-13 16:00:00+00:00,240.49029541015625,242.33990478515625,239.82000732421875,241.5449981689453,14450014.0
2025-02-13 20:00:00+00:00,241.5449981689453,241.7689971923828,241.00999450683594,241.52000427246094,4257382.0
2025-02-14 12:00:00+00:00,241.07000732421875,245.0500030517578,241.0,243.94500732421875,16210072.0
2025-02-14 16:00:00+00:00,243.94000244140625,244.5399932861328,243.33999633789062,244.10000610351562,11010860.0
2025-02-14 20:00:00+00:00,244.0800018310547,245.41000366210938,243.91000366210938,244.57000732421875,4882408.0
2025-02-18 12:00:00+00:00,243.91000366210938,245.17999267578125,242.860107421875,244.72999572753906,13984966.0
2025-02-18 16:00:00+00:00,244.72000122070312,245.0500030517578,241.83999633789062,243.52000427246094,11952152.0
2025-02-18 20:00:00+00:00,243.52999877929688,244.60000610351562,243.14999389648438,244.47000122070312,4972578.0
2025-02-19 12:00:00+00:00,244.61000061035156,246.00999450683594,243.160400390625,244.3957061767578,11829754.0
2025-02-19 16:00:00+00:00,244.38999938964844,245.65139770507812,244.02999877929688,244.8800048828125,9994902.0
2025-02-19 20:00:00+00:00,244.8800048828125,245.089599609375,244.53500366210938,244.8800048828125,2963614.0
2025-02-20 12:00:00+00:00,244.97000122070312,246.77999877929688,244.2899932861328,246.13059997558594,11346058.0
2025-02-20 16:00:00+00:00,246.125,246.4600067138672,244.85000610351562,245.6199951171875,10450853.0
2025-02-20 20:00:00+00:00,245.61000061035156,246.0,245.36000061035156,245.86000061035156,3152476.0
2025-02-21 12:00:00+00:00,245.96499633789062,247.4499969482422,245.22000122070312,247.1300048828125,13648051.0
2025-02-21 16:00:00+00:00,247.14500427246094,248.69000244140625,245.39010620117188,245.8000030517578,24379416.0
2025-02-21 20:00:00+00:00,245.81500244140625,246.08999633789062,245.3300018310547,245.58999633789062,5597978.0
2025-02-24 12:00:00+00:00,246.11500549316406,248.86000061035156,244.58999633789062,247.11019897460938,20009430.0
2025-02-24 16:00:00+00:00,247.1199951171875,248.8000030517578,247.1199951171875,247.61000061035156,14207151.0
2025-02-24 20:00:00+00:00,247.59500122070312,247.7899932861328,246.82000732421875,247.22999572753906,4975763.0
2025-02-25 12:00:00+00:00,248.0,249.52000427246094,244.91000366210938,246.52499389648438,17456150.0
2025-02-25 16:00:00+00:00,246.53500366210938,249.97999572753906,246.4300994873047,247.72000122070312,16548093.0
2025-02-25 20:00:00+00:00,247.72500610351562,247.77000427246094,246.0449981689453,247.0500030517578,4291190.0
2025-02-26 12:00:00+00:00,244.3300018310547,244.97999572753906,241.4199981689453,241.80999755859375,16766857.0
2025-02-26 16:00:00+00:00,241.8000030517578,243.88999938964844,239.1300048828125,239.9499969482422,14529231.0
2025-02-26 20:00:00+00:00,239.9600067138672,240.7100067138672,239.68499755859375,240.30999755859375,4066395.0
2025-02-27 12:00:00+00:00,239.34500122070312,242.4600067138672,238.47000122070312,241.52000427246094,15175524.0
2025-02-27 16:00:00+00:00,241.52000427246094,242.17999267578125,238.77029418945312,238.9199981689453,11395779.0
2025-02-27 20:00:00+00:00,238.9550018310547,239.3695068359375,237.10000610351562,237.3800048828125,5981830.0
2025-02-28 12:00:00+00:00,236.9499969482422,237.8300018310547,234.50999450683594,236.9199981689453,13564051.0
2025-02-28 16:00:00+00:00,236.8699951171875,239.77999877929688,236.22999572753906,239.7100067138672,13554655.0
2025-02-28 20:00:00+00:00,239.69000244140625,242.08999633789062,238.80999755859375,241.83999633789062,7654870.0
2025-03-03 12:00:00+00:00,241.7220001220703,244.02720642089844,239.8249969482422,241.19000244140625,14099349.0
2025-03-03 16:00:00+00:00,241.22999572753906,242.98680114746094,236.64999389648438,236.8892059326172,14590985.0
2025-03-03 20:00:00+00:00,236.8800048828125,238.55999755859375,236.11199951171875,238.13999938964844,6362960.0
2025-03-04 12:00:00+00:00,237.7050018310547,239.80999755859375,236.35000610351562,238.6300048828125,18994434.0
2025-03-04 16:00:00+00:00,238.58999633789062,240.07000732421875,236.16000366210938,238.69000244140625,16545240.0
2025-03-04 20:00:00+00:00,238.67999267578125,238.75,234.6999969482422,236.07000732421875,6470426.0
2025-03-05 12:00:00+00:00,235.4949951171875,235.9499969482422,230.13999938964844,230.6490020751953,16153366.0
2025-03-05 16:00:00+00:00,230.6199951171875,236.5500030517578,229.22999572753906,236.0399932861328,15659844.0
2025-03-05 20:00:00+00:00,236.00999450683594,236.35000610351562,235.05999755859375,235.77000427246094,3864004.0
2025-03-06 12:00:00+00:00,234.43499755859375,237.86000061035156,233.5399932861328,236.77999877929688,13291418.0
2025-03-06 16:00:00+00:00,236.74000549316406,237.33999633789062,233.3300018310547,235.17999267578125,17167798.0
2025-03-06 20:00:00+00:00,235.1699981689453,235.75999450683594,234.4499969482422,235.32000732421875,4800803.0
2025-03-07 12:00:00+00:00,235.10499572753906,240.16000366210938,234.75999450683594,239.02000427246094,14985689.0
2025-03-07 16:00:00+00:00,239.0399932861328,241.3699951171875,237.86000061035156,238.8114013671875,19868894.0
2025-03-07 20:00:00+00:00,238.8000030517578,239.77000427246094,237.94000244140625,239.07000732421875,4811911.0
2025-03-10 12:00:00+00:00,235.47999572753906,236.16000366210938,224.22000122070312,225.47999572753906,33818181.0
2025-03-10 16:00:00+00:00,225.5399932861328,228.64999389648438,224.3249969482422,227.54100036621094,25969373.0
2025-03-11 12:00:00+00:00,223.8000030517578,225.83990478515625,218.5,218.5500030517578,33857793.0
2025-03-11 16:00:00+00:00,218.5399932861328,223.27999877929688,217.4499969482422,220.72999572753906,27357708.0
2025-03-12 12:00:00+00:00,220.17999267578125,221.75,214.91000366210938,218.3603973388672,30268674.0
2025-03-12 16:00:00+00:00,218.44500732421875,218.60000610351562,215.0500030517578,216.94000244140625,23206695.0
2025-03-13 12:00:00+00:00,215.94000244140625,216.8394012451172,211.5500030517578,211.94000244140625,25606701.0
2025-03-13 16:00:00+00:00,211.93380737304688,212.92999267578125,208.4199981689453,209.7100067138672,26390213.0
2025-03-14 12:00:00+00:00,211.25,213.94000244140625,209.5800018310547,212.23069763183594,27482162.0
2025-03-14 16:00:00+00:00,212.23500061035156,213.89999389648438,210.75999450683594,213.3800048828125,20558579.0
2025-03-17 12:00:00+00:00,213.36000061035156,214.97000122070312,209.97999572753906,211.1999969482422,19897807.0
2025-03-17 16:00:00+00:00,211.2100067138672,215.22000122070312,211.08999633789062,214.19000244140625,17764482.0
2025-03-18 12:00:00+00:00,214.13999938964844,215.14999389648438,212.64999389648438,213.72000122070312,17857838.0
2025-03-18 16:00:00+00:00,213.6999969482422,213.7736053466797,211.49000549316406,212.7899932861328,15373295.0
2025-03-19 12:00:00+00:00,214.22000122070312,218.75999450683594,213.91009521484375,215.3000030517578,19750696.0
2025-03-19 16:00:00+00:00,215.2899932861328,217.0590057373047,213.75,215.3000030517578,18939312.0
2025-03-20 12:00:00+00:00,213.99000549316406,217.48989868164062,212.89999389648438,214.13999938964844,16510051.0
2025-03-20 16:00:00+00:00,214.13999938964844,214.75999450683594,212.22000122070312,214.14999389648438,18213874.0
2025-03-21 12:00:00+00:00,211.51499938964844,215.39999389648438,211.47000122070312,214.65499877929688,32435905.0
2025-03-21 16:00:00+00:00,214.6699981689453,218.83999633789062,214.26010131835938,218.36000061035156,20795912.0
2025-03-24 12:00:00+00:00,221.0,221.02099609375,218.5800018310547,219.0,17278050.0
2025-03-24 16:00:00+00:00,219.01499938964844,221.00999450683594,218.82000732421875,220.42999267578125,15728320.0
2025-03-25 12:00:00+00:00,220.80999755859375,223.89999389648438,220.0800018310547,223.11000061035156,14489554.0
2025-03-25 16:00:00+00:00,223.10000610351562,224.10000610351562,220.72999572753906,223.72999572753906,12581031.0
2025-03-26 12:00:00+00:00,223.50999450683594,225.02000427246094,222.1199951171875,223.6750030517578,14679061.0
2025-03-26 16:00:00+00:00,223.6750030517578,223.7899932861328,220.47000122070312,221.39999389648438,12269404.0
2025-03-27 12:00:00+00:00,221.3300018310547,223.75999450683594,220.5601043701172,223.19500732421875,12160166.0
2025-03-27 16:00:00+00:00,223.17999267578125,224.99000549316406,222.72000122070312,223.92999267578125,15899143.0
2025-03-28 12:00:00+00:00,221.6490020751953,223.8000030517578,218.35000610351562,218.69000244140625,16794339.0
2025-03-28 16:00:00+00:00,218.6699981689453,219.16650390625,217.67999267578125,217.8800048828125,13874251.0
2025-03-31 12:00:00+00:00,217.22000122070312,220.92999267578125,216.24000549316406,220.9199981689453,22449578.0
2025-03-31 16:00:00+00:00,220.89999389648438,224.97000122070312,219.24169921875,221.9949951171875,21270302.0
2025-04-01 12:00:00+00:00,219.80499267578125,223.42999267578125,218.89999389648438,222.52999877929688,16772117.0
2025-04-01 16:00:00+00:00,222.55499267578125,223.49000549316406,221.14999389648438,223.13999938964844,11017744.0
2025-04-02 12:00:00+00:00,221.19000244140625,224.71539306640625,221.0500030517578,224.1300048828125,12383449.0
2025-04-02 16:00:00+00:00,224.1300048828125,225.19000244140625,222.8614044189453,223.7899932861328,12770108.0
2025-04-03 12:00:00+00:00,205.52000427246094,207.48989868164062,202.52000427246094,206.05999755859375,52813432.0
2025-04-03 16:00:00+00:00,206.10000610351562,206.3000030517578,201.25,203.05999755859375,36012349.0
2025-04-04 12:00:00+00:00,193.9250030517578,199.8800048828125,191.05999755859375,192.80999755859375,61183392.0
2025-04-04 16:00:00+00:00,192.77999877929688,193.9761962890625,187.34500122070312,188.3800048828125,48580281.0
2025-04-07 12:00:00+00:00,177.0,194.13999938964844,174.6199951171875,178.13999938964844,95277320.0
2025-04-07 16:00:00+00:00,178.10000610351562,183.88999938964844,177.10000610351562,181.58999633789062,47024977.0
2025-04-08 12:00:00+00:00,186.72999572753906,190.3350067138672,182.2899932861328,183.3300018310547,44984684.0
2025-04-08 16:00:00+00:00,183.32000732421875,183.51499938964844,169.21009826660156,172.77000427246094,58473030.0
2025-04-09 12:00:00+00:00,172.1790008544922,181.07000732421875,171.88999938964844,179.58999633789062,60006522.0
2025-04-09 16:00:00+00:00,179.57989501953125,200.61000061035156,179.24000549316406,198.85000610351562,97609982.0
2025-04-10 12:00:00+00:00,189.1649932861328,194.7799072265625,183.0,184.27000427246094,52514665.0
2025-04-10 16:00:00+00:00,184.26499938964844,192.8000030517578,184.1750030517578,190.44000244140625,48927605.0
2025-04-11 12:00:00+00:00,186.17999267578125,197.6699981689453,186.05999755859375,195.80099487304688,38415386.0
2025-04-11 16:00:00+00:00,195.82000732421875,199.5399932861328,195.80999755859375,198.02000427246094,34325771.0
2025-04-14 12:00:00+00:00,211.44000244140625,212.94000244140625,201.16209411621094,201.75,62480709.0
2025-04-14 16:00:00+00:00,201.72999572753906,206.66000366210938,201.5850067138672,202.58999633789062,29506138.0
2025-04-15 12:00:00+00:00,201.85499572753906,203.5050048828125,199.82000732421875,203.0399932861328,23286624.0
2025-04-15 16:00:00+00:00,203.0500030517578,203.2899932861328,201.11500549316406,202.1300048828125,16386719.0
2025-04-16 12:00:00+00:00,198.36000061035156,200.6999969482422,196.02000427246094,196.91000366210938,24677311.0
2025-04-16 16:00:00+00:00,196.91000366210938,197.9199981689453,192.3699951171875,194.3000030517578,24154651.0
2025-04-17 12:00:00+00:00,197.14999389648438,198.0500030517578,194.4199981689453,197.80499267578125,23533484.0
2025-04-17 16:00:00+00:00,197.8260040283203,198.83349609375,195.82000732421875,196.8699951171875,18180571.0
2025-04-21 12:00:00+00:00,193.35000610351562,193.75999450683594,189.8112030029297,191.1300048828125,17812329.0
2025-04-21 16:00:00+00:00,191.1199951171875,193.4199981689453,190.13999938964844,193.08999633789062,14988189.0
2025-04-22 12:00:00+00:00,196.07000732421875,201.5500030517578,196.0,201.3800048828125,20530703.0
2025-04-22 16:00:00+00:00,201.4001007080078,201.52999877929688,198.0,199.66000366210938,22601685.0
2025-04-23 12:00:00+00:00,206.0,208.0,202.7989959716797,204.11000061035156,28396144.0
2025-04-23 16:00:00+00:00,204.13999938964844,205.75,203.51840209960938,204.36000061035156,15217824.0
2025-04-24 12:00:00+00:00,204.88499450683594,206.75,202.94000244140625,206.2899932861328,17162679.0
2025-04-24 16:00:00+00:00,206.2899932861328,208.82989501953125,205.82000732421875,208.1999969482422,14851907.0
2025-04-25 12:00:00+00:00,206.42999267578125,209.24989318847656,206.1999969482422,208.59129333496094,16123201.0
2025-04-25 16:00:00+00:00,208.60000610351562,209.42999267578125,207.3699951171875,209.22999572753906,13543662.0
2025-04-28 12:00:00+00:00,210.05999755859375,211.5,207.4600067138672,207.86000061035156,15833197.0
2025-04-28 16:00:00+00:00,207.85000610351562,211.4998016357422,207.85000610351562,210.08999633789062,11522973.0
2025-04-29 12:00:00+00:00,208.6929931640625,212.24000549316406,208.3699951171875,210.48800659179688,15078664.0
2025-04-29 16:00:00+00:00,210.49000549316406,211.96060180664062,209.35000610351562,211.24000549316406,10770988.0
2025-04-30 12:00:00+00:00,209.3000030517578,211.27999877929688,206.67050170898438,210.58999633789062,14293786.0
2025-04-30 16:00:00+00:00,210.58999633789062,213.5399932861328,209.8000030517578,212.49000549316406,15858033.0
2025-05-01 12:00:00+00:00,209.00999450683594,214.22000122070312,208.89999389648438,212.77999877929688,21260023.0
2025-05-01 16:00:00+00:00,212.77999877929688,214.5500030517578,211.85000610351562,212.8300018310547,18037727.0
2025-05-02 12:00:00+00:00,206.08999633789062,206.99000549316406,202.16000366210938,205.0,48745626.0
2025-05-02 16:00:00+00:00,205.0,205.88999938964844,203.66000366210938,205.3000030517578,33595154.0
2025-05-05 12:00:00+00:00,203.125,204.10000610351562,198.2100067138672,199.9739990234375,31816066.0
2025-05-05 16:00:00+00:00,199.9600067138672,201.16000366210938,198.5196990966797,198.77000427246094,20914217.0
2025-05-06 12:00:00+00:00,198.125,200.6490020751953,197.02000427246094,198.97999572753906,26453778.0
2025-05-06 16:00:00+00:00,198.97500610351562,200.1699981689453,198.3800048828125,198.41000366210938,13837463.0
2025-05-07 12:00:00+00:00,198.19000244140625,199.44000244140625,193.25,194.8699951171875,29026626.0
2025-05-07 16:00:00+00:00,194.85000610351562,197.4698944091797,193.3000030517578,196.25,20349389.0
2025-05-08 12:00:00+00:00,197.74000549316406,200.0498046875,194.67959594726562,199.24000549316406,22778120.0
2025-05-08 16:00:00+00:00,199.23570251464844,199.99000549316406,197.16400146484375,197.39999389648438,15394977.0
2025-05-09 12:00:00+00:00,199.0050048828125,200.53990173339844,197.53500366210938,198.13499450683594,17181232.0
2025-05-09 16:00:00+00:00,198.1300048828125,199.42999267578125,197.60000610351562,198.5399932861328,11944087.0
2025-05-12 12:00:00+00:00,210.97000122070312,211.26649475097656,206.75,208.72999572753906,34052306.0
2025-05-12 16:00:00+00:00,208.80990600585938,211.14999389648438,208.70919799804688,210.8300018310547,19699059.0
2025-05-13 12:00:00+00:00,210.42999267578125,211.8800048828125,209.0800018310547,211.27999877929688,24239777.0
2025-05-13 16:00:00+00:00,211.27999877929688,213.39999389648438,210.90980529785156,212.83999633789062,16812484.0
2025-05-14 12:00:00+00:00,212.4250030517578,213.94000244140625,211.8699951171875,212.2899932861328,20110525.0
2025-05-14 16:00:00+00:00,212.2949981689453,212.60000610351562,210.58009338378906,212.41000366210938,17440242.0
2025-05-15 12:00:00+00:00,210.9949951171875,212.9600067138672,209.5399932861328,211.64169311523438,19333352.0
2025-05-15 16:00:00+00:00,211.6300048828125,212.27999877929688,210.14999389648438,211.45799255371094,16083514.0
2025-05-16 12:00:00+00:00,212.32000732421875,212.57000732421875,209.77000427246094,210.9550018310547,26269791.0
2025-05-16 16:00:00+00:00,210.9600067138672,211.92999267578125,210.6999969482422,211.19000244140625,14334570.0
2025-05-19 12:00:00+00:00,208.02499389648438,208.5800018310547,204.25999450683594,208.48260498046875,23527681.0
2025-05-19 16:00:00+00:00,208.49000549316406,209.47999572753906,207.77999877929688,208.75999450683594,13219247.0
2025-05-20 12:00:00+00:00,208.0449981689453,208.47000122070312,206.47000122070312,207.80999755859375,17776160.0
2025-05-20 16:00:00+00:00,207.80999755859375,208.01539611816406,205.02999877929688,206.8699951171875,15579226.0
2025-05-21 12:00:00+00:00,205.1199951171875,207.0399932861328,204.05999755859375,205.63999938964844,16785699.0
2025-05-21 16:00:00+00:00,205.64999389648438,206.08999633789062,200.72000122070312,202.05999755859375,33204361.0
2025-05-22 12:00:00+00:00,200.71499633789062,202.40989685058594,199.6999969482422,201.9499969482422,23053261.0
2025-05-22 16:00:00+00:00,201.94500732421875,202.72000122070312,201.0,201.3699951171875,17552941.0
2025-05-23 12:00:00+00:00,193.6649932861328,197.6999969482422,193.4600067138672,196.05020141601562,42453140.0
2025-05-23 16:00:00+00:00,196.05079650878906,196.67239379882812,195.02999877929688,195.33999633789062,27815001.0
2025-05-27 12:00:00+00:00,198.3000030517578,200.5800018310547,197.42999267578125,199.9949951171875,26713756.0
2025-05-27 16:00:00+00:00,199.99000549316406,200.74000549316406,199.6699981689453,200.1999969482422,19361370.0
2025-05-28 12:00:00+00:00,200.67999267578125,202.72999572753906,199.89999389648438,201.10000610351562,19055447.0
2025-05-28 16:00:00+00:00,201.08999633789062,201.52110290527344,200.19500732421875,200.4199981689453,13598682.0
2025-05-29 12:00:00+00:00,203.27000427246094,203.77999877929688,198.50999450683594,199.4199981689453,24372108.0
2025-05-29 16:00:00+00:00,199.39999389648438,200.44960021972656,198.57000732421875,199.9499969482422,18537758.0
2025-05-30 12:00:00+00:00,199.40499877929688,199.57000732421875,197.55039978027344,197.71499633789062,15886108.0
2025-05-30 16:00:00+00:00,197.72000122070312,201.9499969482422,196.77999877929688,200.66000366210938,25273935.0
2025-06-02 12:00:00+00:00,201.625,202.1300048828125,200.1199951171875,201.02999877929688,16901094.0
2025-06-02 16:00:00+00:00,201.02999877929688,201.80990600585938,200.57000732421875,201.8000030517578,11810653.0
2025-06-03 12:00:00+00:00,202.13499450683594,203.33999633789062,200.9550018310547,203.05499267578125,19272020.0
2025-06-03 16:00:00+00:00,203.05999755859375,203.77000427246094,202.5,203.33999633789062,14186417.0
2025-06-04 12:00:00+00:00,203.4499969482422,206.24000549316406,202.14999389648438,202.8300018310547,24183393.0
2025-06-04 16:00:00+00:00,202.82000732421875,203.58999633789062,202.61500549316406,202.88699340820312,11906309.0
2025-06-05 12:00:00+00:00,203.59500122070312,204.75,201.27000427246094,203.13999938964844,21172923.0
2025-06-05 16:00:00+00:00,203.13999938964844,203.25,200.15960693359375,200.5500030517578,18111634.0
2025-06-06 12:00:00+00:00,202.9949951171875,205.6999969482422,202.61000061035156,202.625,19324590.0
2025-06-06 16:00:00+00:00,202.66220092773438,205.47000122070312,202.0500030517578,203.92999267578125,18659948.0
2025-06-09 12:00:00+00:00,204.39999389648438,206.0,203.72999572753906,203.92880249023438,19511666.0
2025-06-09 16:00:00+00:00,203.92999267578125,205.29989624023438,200.02000427246094,201.44000244140625,44022248.0
2025-06-10 12:00:00+00:00,200.60000610351562,204.35000610351562,200.57000732421875,202.53880310058594,24119823.0
2025-06-10 16:00:00+00:00,202.52999877929688,203.22500610351562,201.30999755859375,202.75,18326893.0
2025-06-11 12:00:00+00:00,203.47000122070312,204.5,199.65960693359375,200.2071075439453,27852559.0
2025-06-11 16:00:00+00:00,200.19070434570312,201.2364959716797,198.41000366210938,198.85000610351562,24752034.0
2025-06-12 12:00:00+00:00,199.0800018310547,199.38999938964844,197.360107421875,198.58999633789062,19680146.0
2025-06-12 16:00:00+00:00,198.5800018310547,199.67990112304688,198.2100067138672,199.1999969482422,14383413.0
2025-06-13 12:00:00+00:00,199.50999450683594,200.3699951171875,195.91000366210938,197.27000427246094,24786409.0
2025-06-13 16:00:00+00:00,197.2899932861328,197.7100067138672,195.77000427246094,196.4499969482422,18447026.0
2025-06-16 12:00:00+00:00,197.2899932861328,198.68499755859375,196.5635986328125,197.0800018310547,19953599.0
2025-06-16 16:00:00+00:00,197.10000610351562,198.49000549316406,197.02000427246094,198.3699951171875,14167318.0
2025-06-17 12:00:00+00:00,197.25,198.38890075683594,196.2550048828125,197.61500549316406,14784403.0
2025-06-17 16:00:00+00:00,197.61000061035156,197.845703125,195.2100067138672,195.63999938964844,16423379.0
2025-06-18 12:00:00+00:00,195.9199981689453,197.57000732421875,195.07000732421875,196.9508056640625,15317522.0
2025-06-18 16:00:00+00:00,196.94000244140625,197.11000061035156,195.11000061035156,196.25,18883907.0
2025-06-20 12:00:00+00:00,198.23500061035156,200.94000244140625,196.85960388183594,198.49000549316406,36884629.0
2025-06-20 16:00:00+00:00,198.49000549316406,201.6999969482422,198.07000732421875,200.94000244140625,28286833.0
2025-06-23 12:00:00+00:00,201.53199768066406,202.3000030517578,199.50999450683594,200.1396026611328,23143853.0
2025-06-23 16:00:00+00:00,200.13999938964844,202.24000549316406,198.9600067138672,201.5500030517578,19680092.0
2025-06-24 12:00:00+00:00,201.60000610351562,202.6699981689453,200.1999969482422,202.4499969482422,21918034.0
2025-06-24 16:00:00+00:00,202.45150756835938,203.44000244140625,200.27000427246094,200.2899932861328,24033070.0
2025-06-25 12:00:00+00:00,201.4199981689453,203.66000366210938,201.1999969482422,201.8699951171875,20380253.0
2025-06-25 16:00:00+00:00,201.8800048828125,202.17970275878906,200.62010192871094,201.60000610351562,13122335.0
2025-06-26 12:00:00+00:00,202.35000610351562,202.61500549316406,199.4600067138672,200.122802734375,22666246.0
2025-06-26 16:00:00+00:00,200.13780212402344,201.55999755859375,199.63499450683594,200.94000244140625,19513562.0
2025-06-27 12:00:00+00:00,201.89500427246094,203.22000122070312,200.85499572753906,201.99000549316406,21605196.0
2025-06-27 16:00:00+00:00,201.99000549316406,202.6999969482422,200.22000122070312,201.10000610351562,21312385.0
2025-06-30 12:00:00+00:00,202.00999450683594,202.19000244140625,199.59010314941406,200.3249969482422,22000922.0
2025-06-30 16:00:00+00:00,200.30999755859375,207.38999938964844,199.2606964111328,205.1199951171875,48768344.0
2025-07-01 12:00:00+00:00,206.6649932861328,210.18649291992188,206.14010620117188,207.875,49615346.0
2025-07-01 16:00:00+00:00,207.8699951171875,208.52999877929688,207.10000610351562,207.86000061035156,21075223.0
2025-07-02 12:00:00+00:00,209.0800018310547,213.33999633789062,208.2760009765625,210.92030334472656,39207046.0
2025-07-02 16:00:00+00:00,210.9199981689453,212.9600067138672,210.22000122070312,212.41000366210938,22020569.0
2025-07-03 12:00:00+00:00,212.14500427246094,214.64999389648438,211.8101043701172,214.10000610351562,26172636.0
2025-07-07 12:00:00+00:00,212.67999267578125,216.22999572753906,210.3800048828125,210.8365020751953,22847727.0
2025-07-07 16:00:00+00:00,210.83900451660156,211.16990661621094,208.8000030517578,209.94000244140625,18407207.0
2025-07-08 12:00:00+00:00,210.1300048828125,211.42999267578125,208.4499969482422,210.8300018310547,18995847.0
2025-07-08 16:00:00+00:00,210.83999633789062,210.88999938964844,209.3000030517578,210.03500366210938,14364905.0
2025-07-09 12:00:00+00:00,209.52999877929688,210.89999389648438,207.22000122070312,207.8000030517578,21978760.0
2025-07-09 16:00:00+00:00,207.81039428710938,211.3300018310547,207.57139587402344,211.11000061035156,17883114.0
2025-07-10 12:00:00+00:00,210.5050048828125,213.47999572753906,210.1199951171875,212.0800018310547,22948453.0
2025-07-10 16:00:00+00:00,212.07000732421875,213.4499969482422,211.85000610351562,212.4199981689453,14221830.0
2025-07-11 12:00:00+00:00,210.56500244140625,212.1300048828125,209.86000061035156,210.63499450683594,16042804.0
2025-07-11 16:00:00+00:00,210.6199951171875,211.65980529785156,210.4499969482422,211.0749969482422,11716017.0
2025-07-14 12:00:00+00:00,209.90899658203125,210.91000366210938,207.5399932861328,208.8406982421875,18951605.0
2025-07-14 16:00:00+00:00,208.85000610351562,209.4499969482422,208.52000427246094,208.5399932861328,12276812.0
2025-07-15 12:00:00+00:00,209.14999389648438,211.88999938964844,208.9199981689453,210.67999267578125,19723289.0
2025-07-15 16:00:00+00:00,210.69500732421875,211.6699981689453,208.99000549316406,209.00999450683594,12683285.0
2025-07-16 12:00:00+00:00,210.2899932861328,212.39999389648438,208.63999938964844,209.58999633789062,23863487.0
2025-07-16 16:00:00+00:00,209.60000610351562,210.947998046875,209.3699951171875,210.22000122070312,11658024.0
2025-07-17 12:00:00+00:00,210.625,211.4499969482422,209.58999633789062,211.38999938964844,20162040.0
2025-07-17 16:00:00+00:00,211.38890075683594,211.8000030517578,209.74000549316406,210.06100463867188,20601206.0
2025-07-18 12:00:00+00:00,210.7550048828125,211.1300048828125,209.70449829101562,211.00999450683594,24680397.0
2025-07-18 16:00:00+00:00,211.02000427246094,211.7899932861328,210.75999450683594,211.22000122070312,13967712.0
2025-07-21 12:00:00+00:00,212.0500030517578,215.77999877929688,211.64089965820312,213.31959533691406,30558678.0
2025-07-21 16:00:00+00:00,213.31500244140625,213.86000061035156,212.07000732421875,212.5399932861328,13661043.0
2025-07-22 12:00:00+00:00,213.23500061035156,214.02999877929688,212.2301025390625,213.27999877929688,22710394.0
2025-07-22 16:00:00+00:00,213.24000549316406,214.64500427246094,212.83999633789062,214.38999938964844,16227597.0
2025-07-23 12:00:00+00:00,215.0449981689453,215.10000610351562,212.41000366210938,213.5,22532965.0
2025-07-23 16:00:00+00:00,213.5,214.69500732421875,213.36000061035156,214.30999755859375,14634799.0
2025-07-24 12:00:00+00:00,214.05999755859375,215.69000244140625,213.52999877929688,214.33999633789062,22794671.0
2025-07-24 16:00:00+00:00,214.33999633789062,215.1999969482422,213.72000122070312,213.75999450683594,14509113.0
2025-07-25 12:00:00+00:00,214.6999969482422,215.24000549316406,213.74000549316406,214.3896026611328,20388786.0
2025-07-25 16:00:00+00:00,214.38999938964844,214.58999633789062,213.39999389648438,213.9600067138672,13056278.0
2025-07-28 12:00:00+00:00,214.02999877929688,214.84500122070312,213.5800018310547,214.5399932861328,14282606.0
2025-07-28 16:00:00+00:00,214.53500366210938,214.5749969482422,213.05999755859375,214.0399932861328,14740575.0
2025-07-29 12:00:00+00:00,214.16000366210938,214.80999755859375,211.50999450683594,212.0,22036422.0
2025-07-29 16:00:00+00:00,211.99000549316406,212.44000244140625,210.8249969482422,211.35000610351562,15796090.0
2025-07-30 12:00:00+00:00,211.89500427246094,212.38999938964844,209.57000732421875,210.1199951171875,13925463.0
2025-07-30 16:00:00+00:00,210.11000061035156,210.1699981689453,207.72000122070312,209.02000427246094,16147151.0
2025-07-31 12:00:00+00:00,208.3800048828125,209.68150329589844,207.8249969482422,208.95449829101562,22538650.0
2025-07-31 16:00:00+00:00,208.9499969482422,209.83999633789062,207.16000366210938,207.61000061035156,24427878.0
2025-08-01 12:00:00+00:00,210.83999633789062,213.5800018310547,202.64999389648438,202.75,50339323.0
2025-08-01 16:00:00+00:00,202.75999450683594,204.32119750976562,201.5,202.27000427246094,32629348.0
2025-08-04 12:00:00+00:00,204.5050048828125,207.8800048828125,203.92999267578125,203.93499755859375,27945599.0
2025-08-04 16:00:00+00:00,203.94000244140625,204.47999572753906,201.6750030517578,203.33999633789062,28974462.0
2025-08-05 12:00:00+00:00,203.43499755859375,205.33999633789062,202.16000366210938,203.7100067138672,20061811.0
2025-08-05 16:00:00+00:00,203.7100067138672,204.3000030517578,202.6699981689453,202.92999267578125,13538190.0
2025-08-06 12:00:00+00:00,205.60000610351562,214.99000549316406,205.58999633789062,214.49989318847656,54776022.0
2025-08-06 16:00:00+00:00,214.5196990966797,215.3800048828125,212.80999755859375,213.25,32285237.0
2025-08-07 12:00:00+00:00,218.875,220.33999633789062,216.5800018310547,219.9149932861328,52619792.0
2025-08-07 16:00:00+00:00,219.9199981689453,220.85000610351562,213.25,220.1300048828125,28122802.0
2025-08-08 12:00:00+00:00,220.42999267578125,228.22500610351562,219.25,228.1999969482422,43216361.0
2025-08-08 16:00:00+00:00,228.2097930908203,230.99000549316406,227.943603515625,229.3699951171875,60507946.0
2025-08-11 12:00:00+00:00,226.75,229.55999755859375,224.7624053955078,228.72999572753906,31556811.0
2025-08-11 16:00:00+00:00,228.73500061035156,229.0998992919922,226.63999938964844,227.2050018310547,22868358.0
2025-08-12 12:00:00+00:00,228.0050048828125,230.5865020751953,227.10000610351562,229.77999877929688,27532288.0
2025-08-12 16:00:00+00:00,229.77999877929688,230.77999877929688,228.9199981689453,229.64999389648438,16728579.0
2025-08-13 12:00:00+00:00,231.52499389648438,234.5500030517578,230.42999267578125,233.09500122070312,32310476.0
2025-08-13 16:00:00+00:00,233.07000732421875,234.99000549316406,230.8000030517578,233.3300018310547,28485771.0
2025-08-14 12:00:00+00:00,234.05499267578125,235.11000061035156,230.85000610351562,232.00999450683594,27001314.0
2025-08-14 16:00:00+00:00,232.02999877929688,233.50999450683594,231.9687957763672,232.8300018310547,15909313.0
2025-08-15 12:00:00+00:00,233.72999572753906,234.22140502929688,230.47000122070312,230.74000549316406,20879987.0
2025-08-15 16:00:00+00:00,230.74420166015625,231.77000427246094,229.36000061035156,231.64999389648438,21540488.0
2025-08-18 12:00:00+00:00,231.77999877929688,233.1199951171875,230.3699951171875,230.67999267578125,17007102.0
2025-08-18 16:00:00+00:00,230.67999267578125,231.6750030517578,230.11000061035156,230.8800048828125,11944353.0
2025-08-19 12:00:00+00:00,231.27499389648438,232.86500549316406,230.47000122070312,231.30990600585938,16239039.0
2025-08-19 16:00:00+00:00,231.27999877929688,231.3300018310547,229.35000610351562,230.47659301757812,12915812.0
2025-08-20 12:00:00+00:00,229.97000122070312,230.4698944091797,226.11000061035156,227.1345977783203,19109718.0
2025-08-20 16:00:00+00:00,227.1300048828125,227.16000366210938,225.77000427246094,225.9600067138672,13762223.0
2025-08-21 12:00:00+00:00,226.27999877929688,226.52000427246094,224.51010131835938,224.8300018310547,12630571.0
2025-08-21 16:00:00+00:00,224.8300018310547,225.25,223.7803955078125,224.91000366210938,12438560.0
2025-08-22 12:00:00+00:00,226.4499969482422,228.72000122070312,225.41000366210938,227.16929626464844,16650866.0
2025-08-22 16:00:00+00:00,227.1699981689453,229.08999633789062,227.07000732421875,227.75,17791590.0
2025-08-25 12:00:00+00:00,226.40499877929688,229.3000030517578,226.24000549316406,228.5399932861328,14746322.0
2025-08-25 16:00:00+00:00,228.5399932861328,228.75999450683594,227.1199951171875,227.14999389648438,10964879.0
2025-08-26 12:00:00+00:00,226.8699951171875,227.6999969482422,224.69000244140625,227.57049560546875,16104056.0
2025-08-26 16:00:00+00:00,227.55999755859375,229.49000549316406,227.4199981689453,229.3000030517578,12840412.0
2025-08-27 12:00:00+00:00,228.5800018310547,230.6999969482422,228.2949981689453,229.8699951171875,14775437.0
2025-08-27 16:00:00+00:00,229.88999938964844,230.89999389648438,229.60000610351562,230.44000244140625,10245400.0
2025-08-28 12:00:00+00:00,230.80999755859375,232.35499572753906,229.3350067138672,232.2899932861328,14249663.0
2025-08-28 16:00:00+00:00,232.27999877929688,233.41000366210938,232.0800018310547,232.49000549316406,14464549.0
2025-08-29 12:00:00+00:00,232.55999755859375,233.36129760742188,231.3699951171875,232.5,16809815.0
2025-08-29 16:00:00+00:00,232.50999450683594,232.9600067138672,231.47999572753906,232.27000427246094,13200811.0
2025-09-02 12:00:00+00:00,228.75,230.77999877929688,227.1699981689453,227.85000610351562,17948673.0
2025-09-02 16:00:00+00:00,227.8437042236328,230.0,226.97000122070312,229.7100067138672,13069042.0
2025-09-03 12:00:00+00:00,237.1999969482422,237.97000122070312,234.3699951171875,236.49000549316406,34287177.0
2025-09-03 16:00:00+00:00,236.4998016357422,238.7100067138672,236.44000244140625,238.49000549316406,22722490.0
2025-09-04 12:00:00+00:00,238.4499969482422,239.89320373535156,236.74000549316406,237.16000366210938,20918379.0
2025-09-04 16:00:00+00:00,237.14999389648438,239.89990234375,236.97000122070312,239.7100067138672,17922113.0
2025-09-05 12:00:00+00:00,239.99000549316406,241.32000732421875,238.52000427246094,238.77000427246094,28257343.0
2025-09-05 16:00:00+00:00,238.77999877929688,240.1300048828125,238.49009704589844,239.6699981689453,16843515.0
2025-09-08 12:00:00+00:00,239.3000030517578,240.14999389648438,237.60000610351562,237.72999572753906,20984050.0
2025-09-08 16:00:00+00:00,237.72000122070312,238.00999450683594,236.33999633789062,237.9199981689453,17770000.0
2025-09-09 12:00:00+00:00,237.0,238.0,235.5500030517578,236.0,16468357.0
2025-09-09 16:00:00+00:00,236.0,238.78050231933594,233.3699951171875,234.35000610351562,41611177.0
2025-09-10 12:00:00+00:00,232.02499389648438,232.33999633789062,226.24009704589844,227.7386016845703,43884642.0
2025-09-10 16:00:00+00:00,227.7449951171875,227.78990173339844,225.9521942138672,226.77999877929688,26687435.0
2025-09-11 12:00:00+00:00,226.875,229.32000732421875,226.64999389648438,228.61000061035156,24056787.0
2025-09-11 16:00:00+00:00,228.60000610351562,230.4499969482422,228.30999755859375,230.02000427246094,17692709.0
2025-09-12 12:00:00+00:00,230.0,234.50999450683594,229.02000427246094,233.9694061279297,27743949.0
2025-09-12 16:00:00+00:00,233.9636993408203,234.4499969482422,233.0,234.05999755859375,21018867.0
2025-09-15 12:00:00+00:00,237.0,238.19000244140625,235.02999877929688,236.57000732421875,22813886.0
2025-09-15 16:00:00+00:00,236.5648956298828,236.7899932861328,235.27000427246094,236.75999450683594,14221217.0
2025-09-16 12:00:00+00:00,237.17999267578125,241.22000122070312,236.32350158691406,239.19500732421875,33295852.0
2025-09-16 16:00:00+00:00,239.1999969482422,239.60000610351562,238.08009338378906,238.13999938964844,18094060.0
2025-09-17 12:00:00+00:00,238.97000122070312,240.10000610351562,238.7899932861328,239.67430114746094,17099665.0
2025-09-17 16:00:00+00:00,239.67999267578125,239.82000732421875,237.7301025390625,238.97000122070312,17599086.0
2025-09-18 12:00:00+00:00,239.9499969482422,241.1999969482422,236.64999389648438,237.94000244140625,19650506.0
2025-09-18 16:00:00+00:00,237.9499969482422,238.1999969482422,237.210205078125,237.85000610351562,14156480.0
2025-09-19 12:00:00+00:00,241.1750030517578,244.56910705566406,240.21060180664062,244.52000427246094,45946530.0
2025-09-19 16:00:00+00:00,244.5124969482422,246.3000030517578,244.26870727539062,245.2899932861328,42493738.0
2025-09-22 12:00:00+00:00,248.33999633789062,256.6300048828125,248.1699981689453,253.72000122070312,60856592.0
2025-09-22 16:00:00+00:00,253.72999572753906,256.260009765625,253.16000366210938,256.0899963378906,31003020.0
2025-09-23 12:00:00+00:00,255.875,257.3399963378906,255.00999450683594,255.72689819335938,19986230.0
2025-09-23 16:00:00+00:00,255.7200927734375,255.85000610351562,253.58999633789062,254.52999877929688,28897561.0
2025-09-24 12:00:00+00:00,255.22000122070312,255.72999572753906,251.0399932861328,252.1649932861328,12839907.0
2025-09-24 16:00:00+00:00,252.17140197753906,252.49000549316406,251.24000549316406,252.24000549316406,7638361.0
2025-09-25 12:00:00+00:00,253.2050018310547,254.2899932861328,251.71200561523438,252.53030395507812,14131042.0
2025-09-25 16:00:00+00:00,252.5399932861328,257.1700134277344,252.5,256.94000244140625,16855505.0
2025-09-26 12:00:00+00:00,254.1300048828125,256.6000061035156,253.77999877929688,255.6649932861328,14026113.0
2025-09-26 16:00:00+00:00,255.66000366210938,257.3599853515625,254.89999389648438,255.4600067138672,9850385.0
2025-09-29 12:00:00+00:00,254.63999938964844,254.7899932861328,253.00999450683594,253.66000366210938,11416168.0
2025-09-29 16:00:00+00:00,253.6699981689453,254.8300018310547,253.1300048828125,254.35000610351562,8612775.0
2025-09-30 12:00:00+00:00,254.8249969482422,255.91900634765625,253.82009887695312,254.53509521484375,9089984.0
2025-09-30 16:00:00+00:00,254.55059814453125,255.17999267578125,253.11000061035156,254.55999755859375,8379609.0
2025-10-01 12:00:00+00:00,255.0399932861328,258.7900085449219,254.9499969482422,256.1600036621094,14988259.0
2025-10-01 16:00:00+00:00,256.1636047363281,256.94000244140625,255.27999877929688,255.41000366210938,19573390.0
2025-10-02 12:00:00+00:00,256.5899963378906,258.17999267578125,254.14999389648438,257.3450012207031,20758880.0
2025-10-02 16:00:00+00:00,257.3450012207031,258.1600036621094,256.8800048828125,257.1400146484375,14480644.0
2025-10-03 12:00:00+00:00,254.6649932861328,259.239990234375,253.9600067138672,258.5487060546875,25593564.0
2025-10-03 16:00:00+00:00,258.5400085449219,258.92999267578125,256.9599914550781,258.0150146484375,16386361.0
2025-10-06 12:00:00+00:00,257.94500732421875,259.07000732421875,255.0500030517578,257.1300048828125,18618391.0
2025-10-06 16:00:00+00:00,257.1300048828125,257.4800109863281,255.5,256.6499938964844,15071224.0
2025-10-07 12:00:00+00:00,256.82000732421875,257.3999938964844,255.60000610351562,256.3384094238281,14650983.0
2025-10-07 16:00:00+00:00,256.3299865722656,256.6600036621094,255.42999267578125,256.489990234375,10970116.0
2025-10-08 12:00:00+00:00,256.5299987792969,258.5199890136719,256.1099853515625,258.20001220703125,15718788.0
2025-10-08 16:00:00+00:00,258.19000244140625,258.489990234375,257.625,258.0299987792969,11159167.0
2025-10-09 12:00:00+00:00,257.8999938964844,258.0,253.75,253.99000549316406,17346653.0
2025-10-09 16:00:00+00:00,254.0,254.47000122070312,253.14019775390625,254.02999877929688,13470479.0
2025-10-10 12:00:00+00:00,255.0399932861328,256.3800048828125,247.75999450683594,248.61000061035156,24945597.0
2025-10-10 16:00:00+00:00,248.58999633789062,249.05999755859375,244.57000732421875,245.27999877929688,23224707.0
2025-10-13 12:00:00+00:00,249.3800048828125,249.6199951171875,245.55999755859375,249.17999267578125,18291759.0
2025-10-13 16:00:00+00:00,249.1699981689453,249.68930053710938,247.3300018310547,247.58999633789062,10571443.0
2025-10-14 12:00:00+00:00,246.61500549316406,247.75,244.6999969482422,247.38999938964844,12917592.0
2025-10-14 16:00:00+00:00,247.38999938964844,248.84500122070312,246.72999572753906,247.85000610351562,12486351.0
2025-10-15 12:00:00+00:00,249.3800048828125,251.82000732421875,248.63999938964844,249.77499389648438,14473860.0
2025-10-15 16:00:00+00:00,249.77999877929688,250.10000610351562,247.47999572753906,249.42999267578125,10593135.0
2025-10-16 12:00:00+00:00,248.27000427246094,249.0399932861328,246.6199951171875,247.72000122070312,17696983.0
2025-10-16 16:00:00+00:00,247.70010375976562,247.91000366210938,245.1300048828125,247.42999267578125,15379168.0
2025-10-17 12:00:00+00:00,248.02000427246094,250.35000610351562,247.27000427246094,250.29649353027344,18880038.0
2025-10-17 16:00:00+00:00,250.29330444335938,253.3800048828125,250.2449951171875,252.3000030517578,21247387.0
2025-10-20 12:00:00+00:00,255.88499450683594,264.375,255.6300048828125,263.489990234375,53981589.0
2025-10-20 16:00:00+00:00,263.4800109863281,264.2099914550781,261.92999267578125,262.2300109863281,26291060.0
2025-10-21 12:00:00+00:00,261.8800048828125,265.2900085449219,261.8800048828125,263.1700134277344,27239098.0
2025-10-21 16:00:00+00:00,263.1600036621094,264.04998779296875,262.1499938964844,262.8399963378906,13313699.0
2025-10-22 12:00:00+00:00,262.7900085449219,262.8500061035156,257.6401062011719,258.54998779296875,18849802.0
2025-10-22 16:00:00+00:00,258.54998779296875,258.80999755859375,255.42999267578125,258.42999267578125,16358847.0
2025-10-23 12:00:00+00:00,259.8900146484375,260.6199035644531,258.0101013183594,260.0400085449219,12271918.0
2025-10-23 16:00:00+00:00,260.04998779296875,260.54998779296875,259.0799865722656,259.5799865722656,11275428.0
2025-10-24 12:00:00+00:00,261.19000244140625,264.0299987792969,259.17999267578125,263.5799865722656,17237113.0
2025-10-24 16:00:00+00:00,263.5899963378906,264.1300048828125,262.1300048828125,262.739990234375,13704357.0
2025-10-27 12:00:00+00:00,264.8800048828125,267.04998779296875,264.65008544921875,265.92999267578125,16888258.0
2025-10-27 16:00:00+00:00,265.94000244140625,269.0799865722656,265.4700012207031,268.739990234375,16758183.0
2025-10-28 12:00:00+00:00,269.135009765625,269.8699951171875,268.1499938964844,268.9949951171875,18141202.0
2025-10-28 16:00:00+00:00,268.9800109863281,269.8699951171875,268.6000061035156,269.0299987792969,16145536.0
2025-10-29 12:00:00+00:00,269.2749938964844,271.4100036621094,267.1099853515625,268.6199951171875,21052190.0
2025-10-29 16:00:00+00:00,268.6029968261719,270.92999267578125,267.79998779296875,269.7300109863281,17511266.0
2025-10-30 12:00:00+00:00,271.989990234375,274.1400146484375,268.4800109863281,272.010009765625,16144370.0
2025-10-30 16:00:00+00:00,272.0,272.29998779296875,270.9949951171875,271.260009765625,14851571.0
2025-10-31 12:00:00+00:00,276.989990234375,277.32000732421875,269.1600036621094,272.43499755859375,26124486.0
2025-10-31 16:00:00+00:00,272.42999267578125,273.1700134277344,269.9599914550781,270.25,15904488.0
2025-11-03 12:00:00+00:00,270.4200134277344,270.8299865722656,266.25,266.6400146484375,13326063.0
2025-11-03 16:00:00+00:00,266.659912109375,268.6199951171875,266.5223083496094,267.6199951171875,9174510.0
2025-11-03 20:00:00+00:00,267.6300048828125,269.1099853515625,267.4599914550781,269.05999755859375,3383138.0
2025-11-04 12:00:00+00:00,268.24249267578125,271.0,267.614990234375,270.6099853515625,12924132.0
2025-11-04 16:00:00+00:00,270.6400146484375,271.4859924316406,268.9800109863281,270.09051513671875,11075999.0
2025-11-04 20:00:00+00:00,270.1000061035156,270.4049987792969,269.5,270.010009765625,3522552.0
2025-11-05 12:00:00+00:00,268.5899963378906,270.3800048828125,266.92999267578125,270.2900085449219,10164988.0
2025-11-05 16:00:00+00:00,270.2799987792969,271.70001220703125,269.5,269.6000061035156,7992940.0
2025-11-05 20:00:00+00:00,269.6099853515625,270.3999938964844,268.9949951171875,270.1099853515625,3567904.0
2025-11-06 12:00:00+00:00,267.8900146484375,273.3999938964844,267.8900146484375,272.1814880371094,12342259.0
2025-11-06 16:00:00+00:00,272.17999267578125,272.46978759765625,270.3900146484375,271.2099914550781,9802293.0
2025-11-06 20:00:00+00:00,271.20001220703125,271.52020263671875,269.5950012207031,269.6400146484375,3825533.0
2025-11-07 12:00:00+00:00,269.7950134277344,272.2900085449219,267.2699890136719,269.5299987792969,11846595.0
2025-11-07 16:00:00+00:00,269.5199890136719,269.8900146484375,266.7799987792969,267.7598876953125,11456828.0
2025-11-07 20:00:00+00:00,267.760009765625,268.5799865722656,267.69000244140625,268.4200134277344,3271221.0
2025-11-10 12:00:00+00:00,268.95001220703125,273.7300109863281,268.95001220703125,269.06640625,10114657.0
2025-11-10 16:00:00+00:00,269.0400085449219,270.3077087402344,267.4549865722656,269.11859130859375,9590532.0
2025-11-10 20:00:00+00:00,269.1000061035156,269.6000061035156,268.760009765625,269.3599853515625,2892894.0
2025-11-11 12:00:00+00:00,269.80999755859375,274.739990234375,269.79998779296875,272.5,12697204.0
2025-11-11 16:00:00+00:00,272.510009765625,275.760009765625,271.7799987792969,275.25,11269116.0
2025-11-11 20:00:00+00:00,275.239990234375,275.8450012207031,274.79998779296875,275.29998779296875,4039818.0
2025-11-12 12:00:00+00:00,275.07501220703125,275.239990234375,271.8699951171875,274.6000061035156,14046590.0
2025-11-12 16:00:00+00:00,274.5899963378906,275.7300109863281,273.5,274.04998779296875,7819535.0
2025-11-12 20:00:00+00:00,274.04998779296875,274.3999938964844,272.9700012207031,273.3999938964844,3569522.0
2025-11-13 12:00:00+00:00,274.2699890136719,276.6990051269531,272.17999267578125,274.037109375,13946226.0
2025-11-13 16:00:00+00:00,274.0299987792969,274.4898986816406,272.1000061035156,273.03961181640625,9926671.0
2025-11-13 20:00:00+00:00,273.0299987792969,273.6000061035156,272.5,273.0400085449219,3833036.0
2025-11-14 12:00:00+00:00,271.04998779296875,274.6499938964844,269.6000061035156,274.6499938964844,14187725.0
2025-11-14 16:00:00+00:00,274.6449890136719,275.95831298828125,272.8900146484375,272.989990234375,9915937.0
2025-11-14 20:00:00+00:00,272.9700012207031,273.260009765625,272.1700134277344,272.54998779296875,3210889.0
2025-11-17 12:00:00+00:00,268.7200012207031,270.489990234375,266.6499938964844,267.8799133300781,11889567.0
2025-11-17 16:00:00+00:00,267.8500061035156,269.54998779296875,265.7300109863281,266.44000244140625,8782418.0
2025-11-17 20:00:00+00:00,266.44000244140625,267.5799865722656,266.19000244140625,267.4599914550781,3487816.0
2025-11-18 12:00:00+00:00,269.9150085449219,270.7049865722656,265.32000732421875,267.8399963378906,11741797.0
2025-11-18 16:00:00+00:00,267.8399963378906,269.2200012207031,266.42999267578125,268.28021240234375,9316673.0
2025-11-18 20:00:00+00:00,268.29998779296875,268.42999267578125,267.3299865722656,267.510009765625,3127789.0
2025-11-19 12:00:00+00:00,265.5249938964844,272.2099914550781,265.5,269.7300109863281,9570908.0
2025-11-19 16:00:00+00:00,269.75,271.30999755859375,269.1700134277344,270.0350036621094,7832777.0
2025-11-19 20:00:00+00:00,270.0,270.3299865722656,268.1400146484375,268.54998779296875,3516386.0
2025-11-20 12:00:00+00:00,270.80999755859375,275.42999267578125,270.80999755859375,271.7799987792969,10726812.0
2025-11-20 16:00:00+00:00,271.7799987792969,271.7799987792969,266.3599853515625,267.32000732421875,11524880.0
2025-11-20 20:00:00+00:00,267.32000732421875,267.5799865722656,265.9200134277344,266.3800048828125,3489586.0
2025-11-21 12:00:00+00:00,265.8800048828125,271.4700012207031,265.82000732421875,270.8999938964844,15419796.0
2025-11-21 16:00:00+00:00,270.8900146484375,273.31500244140625,269.80999755859375,271.3699951171875,11671665.0
2025-11-21 20:00:00+00:00,271.3500061035156,272.1300048828125,270.5899963378906,271.5,4300075.0
2025-11-24 12:00:00+00:00,270.8999938964844,275.9200134277344,270.8999938964844,275.0,11608421.0
2025-11-24 16:00:00+00:00,274.9700012207031,276.6549987792969,274.44000244140625,276.4750061035156,11417004.0
2025-11-24 20:00:00+00:00,276.4700012207031,276.9800109863281,275.1099853515625,275.9800109863281,4904039.0
2025-11-25 12:00:00+00:00,275.29998779296875,280.3800048828125,275.2699890136719,277.8299865722656,12564041.0
2025-11-25 16:00:00+00:00,277.82000732421875,279.3699951171875,277.49749755859375,277.56500244140625,8067314.0
2025-11-25 20:00:00+00:00,277.55999755859375,278.0,276.8599853515625,276.95001220703125,2448205.0
2025-11-26 12:00:00+00:00,276.9599914550781,279.1400146484375,276.6300048828125,279.0101013183594,7596718.0
2025-11-26 16:00:00+00:00,279.0299987792969,279.5299987792969,277.92498779296875,278.0799865722656,7837832.0
2025-11-26 20:00:00+00:00,278.07000732421875,278.29998779296875,277.1499938964844,277.4700012207031,9116002.0
2025-11-28 12:00:00+00:00,277.260009765625,278.23919677734375,275.989990234375,276.25,5784300.0
2025-11-28 16:00:00+00:00,276.2449951171875,277.16009521484375,275.98651123046875,277.04998779296875,1791406.0
2025-12-01 12:00:00+00:00,278.1499938964844,278.7699890136719,276.1400146484375,277.9200134277344,6845505.0
2025-12-01 16:00:00+00:00,277.8999938964844,281.94000244140625,277.8900146484375,281.9100036621094,10150827.0
2025-12-01 20:00:00+00:00,281.9200134277344,283.4100036621094,281.7300109863281,283.32000732421875,5357873.0
2025-12-02 12:00:00+00:00,283.0,287.3999938964844,282.6300964355469,285.5400085449219,14093088.0
2025-12-02 16:00:00+00:00,285.5400085449219,286.82000732421875,284.8299865722656,286.239990234375,10618050.0
2025-12-02 20:00:00+00:00,286.239990234375,286.6099853515625,285.7099914550781,286.2300109863281,3132652.0
2025-12-03 12:00:00+00:00,286.20001220703125,288.6099853515625,285.75,286.4100036621094,10208821.0
2025-12-03 16:00:00+00:00,286.4200134277344,286.82000732421875,284.2749938964844,284.55499267578125,17031279.0
2025-12-03 20:00:00+00:00,284.54998779296875,284.70001220703125,283.5400085449219,284.1499938964844,0.0
2025-12-04 12:00:00+00:00,284.1099853515625,284.7300109863281,279.80999755859375,280.2799987792969,9397204.0
2025-12-04 16:00:00+00:00,280.2850036621094,280.9335021972656,278.5899963378906,280.125,9474105.0
2025-12-04 20:00:00+00:00,280.1199951171875,280.69000244140625,279.5799865722656,280.6499938964844,3165508.0
2025-12-05 12:00:00+00:00,280.5400085449219,281.1400146484375,279.2699890136719,279.2950134277344,7972392.0
2025-12-05 16:00:00+00:00,279.29998779296875,279.57000732421875,278.04998779296875,278.8013916015625,7504130.0
2025-12-05 20:00:00+00:00,278.79998779296875,279.0249938964844,278.19000244140625,278.7900085449219,2719470.0
2025-12-08 12:00:00+00:00,278.1684875488281,279.6693115234375,276.7049865722656,277.4599914550781,9612252.0
2025-12-08 16:00:00+00:00,277.4700012207031,277.84991455078125,276.1499938964844,276.92498779296875,8582274.0
2025-12-08 20:00:00+00:00,276.92999267578125,277.9849853515625,276.6600036621094,277.9599914550781,2613900.0
2025-12-09 12:00:00+00:00,277.8900146484375,280.0299987792969,277.0299987792969,277.4100036621094,7631655.0
2025-12-09 16:00:00+00:00,277.4100036621094,278.8900146484375,277.20001220703125,277.864990234375,6854815.0
2025-12-09 20:00:00+00:00,277.864990234375,278.25,276.9200134277344,277.2300109863281,2737573.0
2025-12-10 12:00:00+00:00,277.8699951171875,278.7929992675781,276.44000244140625,278.2576904296875,5748205.0
2025-12-10 16:00:00+00:00,278.2300109863281,279.75,277.70001220703125,278.9800109863281,7196261.0
2025-12-10 20:00:00+00:00,278.989990234375,279.3699951171875,278.5899963378906,278.7200012207031,2242651.0
2025-12-11 12:00:00+00:00,279.0950012207031,279.5799865722656,273.80999755859375,275.82501220703125,9230815.0
2025-12-11 16:00:00+00:00,275.82000732421875,278.3500061035156,275.80999755859375,278.0950012207031,7135976.0
2025-12-11 20:00:00+00:00,278.0899963378906,278.2099914550781,277.4700012207031,278.05999755859375,1985352.0
2025-12-12 12:00:00+00:00,277.0,279.2200012207031,276.9700927734375,277.739990234375,7392873.0
2025-12-12 16:00:00+00:00,277.7699890136719,279.19000244140625,277.2807922363281,278.05499267578125,9406490.0
2025-12-12 20:00:00+00:00,278.04998779296875,278.5,276.94500732421875,278.3699951171875,2787871.0
2025-12-15 12:00:00+00:00,279.75,279.79168701171875,273.6199951171875,275.510009765625,11609500.0
2025-12-15 16:00:00+00:00,275.5400085449219,275.69500732421875,272.8399963378906,273.80499267578125,9363741.0
2025-12-15 20:00:00+00:00,273.80999755859375,274.7200012207031,273.5199890136719,274.114990234375,4104430.0
2025-12-16 12:00:00+00:00,272.82000732421875,274.0299987792969,271.7900085449219,272.80999755859375,7258150.0
2025-12-16 16:00:00+00:00,272.79998779296875,274.79998779296875,271.79998779296875,274.55999755859375,7968962.0
2025-12-16 20:00:00+00:00,274.54998779296875,275.5,274.45001220703125,274.4700012207031,2361847.0
2025-12-17 12:00:00+00:00,275.010009765625,276.1600036621094,273.0450134277344,273.489990234375,7929779.0
2025-12-17 16:00:00+00:00,273.489990234375,274.1099853515625,272.2799987792969,273.65008544921875,8285774.0
2025-12-17 20:00:00+00:00,273.6700134277344,273.8699951171875,271.69000244140625,271.8599853515625,5130736.0
2025-12-18 12:00:00+00:00,273.6050109863281,273.6199951171875,266.9599914550781,272.29998779296875,13786321.0
2025-12-18 16:00:00+00:00,272.2900085449219,273.16400146484375,269.94000244140625,271.8399963378906,10469311.0
2025-12-18 20:00:00+00:00,271.8500061035156,273.20001220703125,271.7850036621094,272.1600036621094,2956766.0
2025-12-19 12:00:00+00:00,272.1449890136719,272.9200134277344,270.95001220703125,271.26080322265625,21494312.0
2025-12-19 16:00:00+00:00,271.2622985839844,271.80950927734375,270.17498779296875,270.79998779296875,11368236.0
2025-12-19 20:00:00+00:00,270.80999755859375,274.5762939453125,269.8999938964844,273.6700134277344,8193309.0
2025-12-22 12:00:00+00:00,272.8599853515625,273.8800048828125,271.510009765625,272.44000244140625,8552565.0
2025-12-22 16:00:00+00:00,272.4200134277344,272.510009765625,270.510009765625,270.7200012207031,8301452.0
2025-12-22 20:00:00+00:00,270.7149963378906,271.19989013671875,270.5050048828125,270.82000732421875,2599971.0
2025-12-23 12:00:00+00:00,270.0,271.95001220703125,269.55999755859375,271.7814025878906,7345971.0
2025-12-23 16:00:00+00:00,271.81500244140625,272.44000244140625,271.1099853515625,272.10699462890625,6696201.0
2025-12-23 20:00:00+00:00,272.1000061035156,272.45001220703125,271.8399963378906,272.239990234375,2287709.0
2025-12-24 12:00:00+00:00,273.25,275.04998779296875,273.0899963378906,274.85101318359375,6685856.0
2025-12-24 16:00:00+00:00,274.8599853515625,275.42999267578125,274.8299865722656,275.3599853515625,2055154.0
2025-12-26 12:00:00+00:00,274.385009765625,275.3699951171875,274.05999755859375,274.8800048828125,4334869.0
2025-12-26 16:00:00+00:00,274.8800048828125,274.9849853515625,273.8700866699219,273.9800109863281,4893235.0
2025-12-26 20:00:00+00:00,273.9800109863281,273.989990234375,272.8699951171875,273.25,2563251.0
2025-12-29 12:00:00+00:00,272.69000244140625,274.3599853515625,272.3900146484375,273.2200012207031,5238450.0
2025-12-29 16:00:00+00:00,273.21881103515625,274.0,272.8299865722656,273.9028015136719,5847982.0
2025-12-29 20:00:00+00:00,273.9100036621094,273.94000244140625,273.4599914550781,273.79901123046875,1452813.0
2025-12-30 12:00:00+00:00,274.0,274.07000732421875,272.3948059082031,272.85980224609375,5047054.0
2025-12-30 16:00:00+00:00,272.8299865722656,273.52178955078125,272.2799987792969,273.1650085449219,5512668.0
2025-12-30 20:00:00+00:00,273.1600036621094,273.2550048828125,272.739990234375,272.989990234375,2121973.0
2025-12-31 12:00:00+00:00,273.04998779296875,273.67999267578125,271.760009765625,272.489990234375,4593272.0
2025-12-31 16:00:00+00:00,272.489990234375,273.42999267578125,271.9599914550781,272.0799865722656,5642069.0
2025-12-31 20:00:00+00:00,272.0899963378906,272.75,271.75,271.8399963378906,2509865.0
2026-01-02 12:00:00+00:00,272.69000244140625,277.8247985839844,269.8299865722656,270.3245849609375,11674623.0
2026-01-02 16:00:00+00:00,270.29998779296875,270.9599914550781,269.0199890136719,270.510009765625,8339416.0
2026-01-02 20:00:00+00:00,270.5299987792969,271.04998779296875,270.3500061035156,270.9800109863281,2650904.0
2026-01-05 12:00:00+00:00,270.635009765625,271.17999267578125,267.8599853515625,268.7900085449219,10309312.0
2026-01-05 16:00:00+00:00,268.7799987792969,268.8500061035156,266.1400146484375,267.0190124511719,10782596.0
2026-01-05 20:00:00+00:00,267.0299987792969,267.739990234375,266.45001220703125,267.260009765625,2894622.0
2026-01-06 12:00:00+00:00,267.00799560546875,267.54998779296875,262.29998779296875,262.4198913574219,12961015.0
2026-01-06 16:00:00+00:00,262.4200134277344,263.79998779296875,262.2099914550781,262.82000732421875,10985832.0
2026-01-06 20:00:00+00:00,262.8299865722656,262.9601135253906,262.3999938964844,262.42498779296875,2355864.0
2026-01-07 12:00:00+00:00,263.2699890136719,263.67999267578125,260.9100036621094,261.0837097167969,10934297.0
2026-01-07 16:00:00+00:00,261.0849914550781,262.70001220703125,261.07000732421875,261.3299865722656,11528947.0
2026-01-07 20:00:00+00:00,261.3299865722656,261.3299865722656,259.82000732421875,260.3599853515625,4547876.0
2026-01-08 12:00:00+00:00,256.375,257.7699890136719,255.6999969482422,256.1099853515625,14350772.0
2026-01-08 16:00:00+00:00,256.1099853515625,258.6000061035156,255.97000122070312,258.2799987792969,12278117.0
2026-01-08 20:00:00+00:00,258.2799987792969,259.2799987792969,257.9601135253906,259.05999755859375,3213685.0
2026-01-09 12:00:00+00:00,259.0,260.0,256.2200927734375,256.9599914550781,10432372.0
2026-01-09 16:00:00+00:00,256.9512939453125,260.2099914550781,256.7663879394531,259.9649963378906,10222888.0
2026-01-09 20:00:00+00:00,259.95001220703125,260.05499267578125,258.95001220703125,259.3500061035156,2303687.0
2026-01-12 12:00:00+00:00,259.4100036621094,261.29998779296875,256.79998779296875,260.2300109863281,11785634.0
2026-01-12 16:00:00+00:00,260.2300109863281,261.29998779296875,259.7099914550781,260.9700012207031,9498431.0
2026-01-12 20:00:00+00:00,260.9599914550781,261.1300048828125,260.010009765625,260.2099914550781,2380012.0
2026-01-13 12:00:00+00:00,258.7200012207031,261.80999755859375,258.3900146484375,259.9100036621094,11087375.0
2026-01-13 16:00:00+00:00,259.8999938964844,261.44000244140625,258.7601013183594,259.0199890136719,8862163.0
2026-01-13 20:00:00+00:00,259.010009765625,261.20001220703125,258.8399963378906,261.04998779296875,12843144.0
2026-01-14 12:00:00+00:00,259.4800109863281,261.80999755859375,257.8599853515625,258.739990234375,8126229.0
2026-01-14 16:00:00+00:00,258.739990234375,259.9800109863281,256.7099914550781,259.9700012207031,8160046.0
2026-01-14 20:00:00+00:00,259.9800109863281,260.6000061035156,258.6841125488281,259.95001220703125,14485668.0
2026-01-15 12:00:00+00:00,260.6499938964844,261.0299987792969,259.19000244140625,260.4949951171875,7841384.0
2026-01-15 16:00:00+00:00,260.5,260.6300048828125,257.04998779296875,257.6700134277344,9757487.0
2026-01-15 20:00:00+00:00,257.6575012207031,258.3800048828125,257.1099853515625,258.3299865722656,2733911.0
2026-01-16 12:00:00+00:00,258.20001220703125,258.8999938964844,256.05999755859375,256.4399108886719,14069638.0
2026-01-16 16:00:00+00:00,256.426513671875,257.1499938964844,254.92999267578125,256.17999267578125,11863659.0
2026-01-16 20:00:00+00:00,256.1700134277344,256.4725036621094,255.1300048828125,255.47999572753906,3511559.0
2026-01-20 12:00:00+00:00,252.50999450683594,254.7899932861328,250.69000244140625,251.30499267578125,12454687.0
2026-01-20 16:00:00+00:00,251.3000030517578,251.58999633789062,245.0800018310547,245.4600067138672,14964804.0
2026-01-20 20:00:00+00:00,245.4600067138672,246.92999267578125,243.4199981689453,246.67999267578125,10058590.0
2026-01-21 12:00:00+00:00,248.7100067138672,248.75,246.02999877929688,247.3000030517578,11037289.0
2026-01-21 16:00:00+00:00,247.30999755859375,251.55999755859375,245.19000244140625,248.38279724121094,15769958.0
2026-01-21 20:00:00+00:00,248.38999938964844,248.5800018310547,246.83999633789062,247.6300048828125,4345116.0
2026-01-22 12:00:00+00:00,249.36000061035156,250.7799072265625,248.38499450683594,249.6999053955078,10466373.0
2026-01-22 16:00:00+00:00,249.69500732421875,251.0,248.26510620117188,248.3699951171875,9121126.0
2026-01-22 20:00:00+00:00,248.33999633789062,248.9199981689453,248.17999267578125,248.33999633789062,2783413.0
2026-01-23 12:00:00+00:00,247.24000549316406,249.41000366210938,244.67999267578125,248.35000610351562,10879952.0
2026-01-23 16:00:00+00:00,248.3699951171875,248.80990600585938,246.97000122070312,248.19000244140625,8412566.0
2026-01-23 20:00:00+00:00,248.19000244140625,248.85000610351562,247.7449951171875,247.97000122070312,2635711.0
2026-01-26 12:00:00+00:00,251.47999572753906,255.5,249.8000030517578,255.0998992919922,14751765.0
2026-01-26 16:00:00+00:00,255.0850067138672,256.55999755859375,254.0800018310547,255.72500610351562,11385721.0
2026-01-26 20:00:00+00:00,255.72999572753906,255.99000549316406,254.89999389648438,255.4199981689453,14219113.0
2026-01-27 12:00:00+00:00,259.1400146484375,261.95001220703125,258.6600036621094,260.7200012207031,14175668.0
2026-01-27 16:00:00+00:00,260.7200012207031,261.3599853515625,259.1499938964844,259.3800048828125,9271993.0
2026-01-27 20:00:00+00:00,259.385009765625,259.67498779296875,258.2099914550781,258.2799987792969,2715151.0
2026-01-28 12:00:00+00:00,257.55999755859375,258.8550109863281,255.21499633789062,255.49000549316406,9349984.0
2026-01-28 16:00:00+00:00,255.47000122070312,256.6400146484375,254.50999450683594,256.4750061035156,9204679.0
2026-01-28 20:00:00+00:00,256.4599914550781,256.8999938964844,255.92999267578125,256.44000244140625,3092338.0
2026-01-29 12:00:00+00:00,258.07000732421875,259.6499938964844,254.41000366210938,256.1700134277344,12084060.0
2026-01-29 16:00:00+00:00,256.1300048828125,258.5683898925781,255.1199951171875,258.2950134277344,14077166.0
2026-01-29 20:00:00+00:00,258.30999755859375,259.3500061035156,257.75,258.17498779296875,5837763.0
2026-01-30 12:00:00+00:00,255.1649932861328,258.70001220703125,252.17999267578125,254.9199981689453,19006396.0
2026-02-02 16:00:00+00:00,266.7900085449219,269.56988525390625,266.6199951171875,268.9800109863281,14100811.0
2026-02-02 20:00:00+00:00,268.9750061035156,270.489990234375,268.8399963378906,269.9599914550781,6031354.0
2026-02-03 12:00:00+00:00,269.1300048828125,271.5799865722656,267.6099853515625,268.8949890136719,14367842.0
2026-02-03 16:00:00+00:00,268.8999938964844,271.875,268.2900085449219,269.2099914550781,15444001.0
2026-02-03 20:00:00+00:00,269.2149963378906,270.04998779296875,268.8399963378906,269.4599914550781,3048085.0
2026-02-04 12:00:00+00:00,272.30999755859375,278.80999755859375,272.2850036621094,277.21380615234375,20264217.0
2026-02-04 16:00:00+00:00,277.1935119628906,278.0799865722656,273.1400146484375,277.6099853515625,19125712.0
2026-02-04 20:00:00+00:00,277.6099853515625,278.95001220703125,276.3599853515625,276.4599914550781,7312922.0
2026-02-05 12:00:00+00:00,278.0199890136719,279.44000244140625,273.2300109863281,275.2200012207031,13836499.0
2026-02-05 16:00:00+00:00,275.2900085449219,277.7200012207031,273.5249938964844,276.6300048828125,10379203.0
2026-02-05 20:00:00+00:00,276.6300048828125,276.9100036621094,275.3500061035156,275.9200134277344,3990713.0
2026-02-06 12:00:00+00:00,277.1600036621094,280.9049987792969,277.0,279.114990234375,14214879.0
2026-02-06 16:00:00+00:00,279.1000061035156,279.7749938964844,276.92498779296875,277.6600036621094,11393125.0
2026-02-06 20:00:00+00:00,277.6549987792969,279.010009765625,277.57000732421875,278.0799865722656,3255323.0
2026-02-09 12:00:00+00:00,277.9049987792969,278.20001220703125,272.7699890136719,273.398193359375,9127116.0
2026-02-09 16:00:00+00:00,273.3699951171875,274.25,271.70001220703125,274.0400085449219,10117615.0
2026-02-09 20:00:00+00:00,274.0299987792969,275.1199951171875,273.510009765625,274.5400085449219,3837569.0
2026-02-10 12:00:00+00:00,274.885009765625,275.3599853515625,273.2099914550781,274.05999755859375,6617448.0
2026-02-10 16:00:00+00:00,274.0199890136719,274.29998779296875,272.94000244140625,274.07000732421875,6585581.0
2026-02-10 20:00:00+00:00,274.0799865722656,274.489990234375,273.30999755859375,273.7900085449219,2174373.0
2026-02-11 12:00:00+00:00,274.69500732421875,279.9800109863281,274.45001220703125,278.19000244140625,14193512.0
2026-02-11 16:00:00+00:00,278.19000244140625,280.17999267578125,274.81060791015625,276.04998779296875,12968111.0
2026-02-11 20:00:00+00:00,276.010009765625,276.54998779296875,275.4599914550781,275.5400085449219,2931248.0
2026-02-12 12:00:00+00:00,275.6000061035156,275.7200012207031,266.1499938964844,266.1700134277344,12881075.0
2026-02-12 16:00:00+00:00,266.19000244140625,267.0400085449219,260.17999267578125,261.489990234375,19790743.0
2026-02-12 20:00:00+00:00,261.4800109863281,262.510009765625,260.2799987792969,261.5899963378906,5638818.0
2026-02-13 12:00:00+00:00,262.010009765625,262.2300109863281,258.3699951171875,259.2875061035156,13200653.0
2026-02-13 16:00:00+00:00,259.2984924316406,260.2699890136719,255.8173065185547,255.91000366210938,11438725.0
2026-02-13 20:00:00+00:00,255.91000366210938,256.6600036621094,255.4499969482422,255.82000732421875,6720926.0
2026-02-17 12:00:00+00:00,258.04998779296875,261.3900146484375,255.55299377441406,260.2650146484375,11587076.0
2026-02-17 16:00:00+00:00,260.2550048828125,266.2900085449219,259.92999267578125,264.2900085449219,13522304.0
2026-02-17 20:00:00+00:00,264.2950134277344,264.5299987792969,262.5,263.75,4178204.0
2026-02-18 12:00:00+00:00,263.5,266.0899963378906,262.45001220703125,266.0400085449219,10170523.0
2026-02-18 16:00:00+00:00,266.0249938964844,266.82000732421875,263.2099914550781,263.739990234375,6216217.0
2026-02-18 20:00:00+00:00,263.739990234375,265.5299987792969,263.739990234375,264.32000732421875,3105119.0
2026-02-19 12:00:00+00:00,262.6000061035156,264.4800109863281,262.2900085449219,263.6199951171875,6099489.0
2026-02-19 16:00:00+00:00,263.6700134277344,264.1400146484375,260.2699890136719,260.760009765625,6181940.0
2026-02-19 20:00:00+00:00,260.760009765625,261.29998779296875,260.04998779296875,260.510009765625,2956715.0
2026-02-20 12:00:00+00:00,258.9549865722656,263.260009765625,258.1600036621094,261.42999267578125,9927532.0
2026-02-20 16:00:00+00:00,261.4200134277344,264.75,261.2300109863281,263.3301086425781,8610124.0
2026-02-20 20:00:00+00:00,263.3450012207031,264.7449951171875,263.0899963378906,264.5899963378906,13540364.0
2026-02-23 12:00:00+00:00,263.489990234375,267.739990234375,263.3810119628906,266.5899963378906,8638312.0
2026-02-23 16:00:00+00:00,266.57000732421875,269.42999267578125,265.8399963378906,266.7799987792969,9616842.0
2026-02-23 20:00:00+00:00,266.80999755859375,267.20001220703125,265.989990234375,266.3900146484375,2450818.0
2026-02-24 12:00:00+00:00,268.0,274.8900146484375,267.739990234375,273.2200012207031,18162789.0
2026-02-24 16:00:00+00:00,273.2250061035156,273.239990234375,271.3699951171875,271.909912109375,5635779.0
2026-02-24 20:00:00+00:00,271.9100036621094,272.4299011230469,271.4800109863281,272.1700134277344,13328406.0
2026-02-25 12:00:00+00:00,271.67999267578125,274.58990478515625,271.04998779296875,273.9649963378906,7694846.0
2026-02-25 16:00:00+00:00,273.9150085449219,274.94000244140625,272.9599914550781,273.75,6732428.0
2026-02-25 20:00:00+00:00,273.7200012207031,274.7200012207031,273.625,274.17999267578125,2422723.0
2026-02-26 12:00:00+00:00,274.9549865722656,276.1099853515625,270.7950134277344,272.5400085449219,7633761.0
2026-02-26 16:00:00+00:00,272.5299987792969,273.5,270.8529968261719,272.6300048828125,6084826.0
2026-02-26 20:00:00+00:00,272.6449890136719,273.07000732421875,272.20001220703125,272.989990234375,1906660.0
2026-02-27 12:00:00+00:00,272.80999755859375,272.80999755859375,268.1919860839844,269.05499267578125,8446879.0
2026-02-27 16:00:00+00:00,269.07000732421875,269.5199890136719,265.260009765625,266.6400146484375,12955133.0
2026-02-27 20:00:00+00:00,266.6300048828125,266.6300048828125,262.8900146484375,264.1700134277344,9125681.0
2026-03-02 12:00:00+00:00,262.44000244140625,265.0299987792969,260.20001220703125,264.3599853515625,10087663.0
2026-03-02 16:00:00+00:00,264.3599853515625,266.5299987792969,264.0,264.30999755859375,14264050.0
2026-03-02 20:00:00+00:00,264.31500244140625,265.54998779296875,263.6099853515625,264.6000061035156,5738581.0
2026-03-03 12:00:00+00:00,263.4800109863281,265.55999755859375,261.2200012207031,262.57000732421875,12064403.0
2026-03-03 16:00:00+00:00,262.4800109863281,264.614990234375,260.1300048828125,263.2799987792969,11330324.0
2026-03-03 20:00:00+00:00,263.239990234375,263.9599914550781,262.3399963378906,263.6889953613281,4138461.0
2026-03-04 12:00:00+00:00,264.6499938964844,266.1499938964844,261.4200134277344,264.5299987792969,10791065.0
2026-03-04 16:00:00+00:00,264.5199890136719,265.510009765625,262.0599060058594,262.7300109863281,12150786.0
2026-03-04 20:00:00+00:00,262.7099914550781,263.1600036621094,262.16461181640625,262.45001220703125,4837636.0
2026-03-05 12:00:00+00:00,260.7449951171875,261.45001220703125,258.07501220703125,260.7550048828125,15319819.0
2026-03-05 16:00:00+00:00,260.760009765625,261.55499267578125,257.25,258.69000244140625,14754515.0
2026-03-05 20:00:00+00:00,258.67999267578125,260.55999755859375,258.4100036621094,260.260009765625,7022514.0
2026-03-06 12:00:00+00:00,258.739990234375,258.760009765625,254.3699951171875,257.25,11835636.0
2026-03-06 16:00:00+00:00,257.29998779296875,257.96990966796875,255.91000366210938,256.9100036621094,10571139.0
2026-03-06 20:00:00+00:00,256.9200134277344,258.010009765625,256.44000244140625,257.44000244140625,5129423.0
2026-03-09 12:00:00+00:00,255.69000244140625,258.2699890136719,253.6804962158203,257.57000732421875,13959396.0
2026-03-09 16:00:00+00:00,257.5799865722656,261.1499938964844,255.9499969482422,259.8900146484375,14017481.0
2026-03-10 12:00:00+00:00,257.69500732421875,261.9800109863281,256.95001220703125,261.8699951171875,10702214.0
2026-03-10 16:00:00+00:00,261.8900146484375,262.4800109863281,260.35009765625,260.7200012207031,11212423.0
2026-03-11 12:00:00+00:00,261.2099914550781,262.1300048828125,259.54998779296875,260.6449890136719,8840055.0
2026-03-11 16:00:00+00:00,260.6199951171875,261.20001220703125,259.6300048828125,260.80999755859375,8205452.0
2026-03-12 12:00:00+00:00,258.6400146484375,258.95001220703125,254.17999267578125,255.65780639648438,14904292.0
2026-03-12 16:00:00+00:00,255.6300048828125,256.25,254.77000427246094,255.75,13546244.0
2026-03-13 12:00:00+00:00,255.39999389648438,256.3299865722656,251.85000610351562,252.65499877929688,12128423.0
2026-03-13 16:00:00+00:00,252.63999938964844,252.97000122070312,249.52000427246094,250.11500549316406,16500617.0
2026-03-16 12:00:00+00:00,252.10499572753906,253.88499450683594,249.91000366210938,252.36500549316406,9127770.0
2026-03-16 16:00:00+00:00,252.35000610351562,253.44000244140625,252.11000061035156,252.77999877929688,7224317.0
2026-03-17 12:00:00+00:00,253.07850646972656,255.12989807128906,252.17999267578125,254.86000061035156,6644962.0
2026-03-17 16:00:00+00:00,254.8699951171875,255.02999877929688,253.13009643554688,254.22999572753906,9337465.0
2026-03-18 12:00:00+00:00,252.625,254.94000244140625,251.3800048828125,251.57009887695312,6970318.0
2026-03-18 16:00:00+00:00,251.5749969482422,251.64759826660156,249.0,249.91000366210938,8074513.0
2026-03-19 12:00:00+00:00,249.39999389648438,251.8300018310547,247.3000030517578,249.25999450683594,8812013.0
2026-03-19 16:00:00+00:00,249.27499389648438,249.58999633789062,247.6699981689453,248.90699768066406,12072948.0
2026-03-20 12:00:00+00:00,248.11000061035156,249.05999755859375,246.61000061035156,248.6199951171875,35735961.0
2026-03-20 16:00:00+00:00,248.6300048828125,249.1999053955078,247.5301055908203,248.10000610351562,8770508.0
